Batch Size,Model Name,Compilation Type,Median,Mean,Device,Component,Timesteps,Max Memory,IQR
1,openMUSE/muse-laiona6-uvit-clip-220k,None,20.760257800020554,20.79680140000164,a100,backbone,,1652672000,0.09267959999306394
1,openMUSE/muse-laiona6-uvit-clip-220k,default,14.560945699986405,14.526088471425933,a100,backbone,,1652672000,0.19627175001914882
1,openMUSE/muse-laiona6-uvit-clip-220k,reduce-overhead,4.501443090002795,4.501354276668887,a100,backbone,,1773794816,0.0002997599995065159
2,openMUSE/muse-laiona6-uvit-clip-220k,None,21.325565899996946,21.359306100011967,a100,backbone,,1652005888,0.054331799992726054
2,openMUSE/muse-laiona6-uvit-clip-220k,default,15.272239100022489,15.307799442851838,a100,backbone,,1652005888,0.18463169999449747
2,openMUSE/muse-laiona6-uvit-clip-220k,reduce-overhead,5.7233329850009795,5.7233329850009795,a100,backbone,,1810073600,0.0001899150015556919
4,openMUSE/muse-laiona6-uvit-clip-220k,None,23.837976400000116,23.845365679999304,a100,backbone,,1660110848,0.04274880002412551
4,openMUSE/muse-laiona6-uvit-clip-220k,default,17.034201399997077,17.034277166665866,a100,backbone,,1660110848,0.2454135499874617
4,openMUSE/muse-laiona6-uvit-clip-220k,reduce-overhead,9.152478899977723,9.402632045455244,a100,backbone,,1882631168,0.014981899971646534
8,openMUSE/muse-laiona6-uvit-clip-220k,None,24.82234779999999,24.827410220004825,a100,backbone,,1657446400,0.14802469995629786
8,openMUSE/muse-laiona6-uvit-clip-220k,default,17.781325949999886,17.784917483330293,a100,backbone,,1657446400,0.08337694997635411
8,openMUSE/muse-laiona6-uvit-clip-220k,reduce-overhead,14.030162399967594,14.31030937142168,a100,backbone,,2027746304,0.07549859997198032
16,openMUSE/muse-laiona6-uvit-clip-220k,None,33.824223900001016,33.8245584333284,a100,backbone,,1677488128,0.0027188000103692267
16,openMUSE/muse-laiona6-uvit-clip-220k,default,25.757795699996677,25.742053674991897,a100,backbone,,1664905216,0.058873575028428604
16,openMUSE/muse-laiona6-uvit-clip-220k,reduce-overhead,25.677039850006622,25.71741422500509,a100,backbone,,2322686976,0.08731497498501786
32,openMUSE/muse-laiona6-uvit-clip-220k,None,67.84619714999279,67.84619714999279,a100,backbone,,1838477312,0.003625650015229298
32,openMUSE/muse-laiona6-uvit-clip-220k,default,49.59016650000194,49.704771400001846,a100,backbone,,1771368448,0.2510333499913045
32,openMUSE/muse-laiona6-uvit-clip-220k,reduce-overhead,50.00944169999002,50.00944169999002,a100,backbone,,2907333632,0.1705355999774838
1,openMUSE/muse-laiona6-uvit-clip-220k,None,9.259544999986247,9.279067090909104,a100,vae,,456276992,0.005377950014918281
1,openMUSE/muse-laiona6-uvit-clip-220k,default,9.250841899984152,9.44792640000494,a100,vae,,456276992,0.002787699963846188
1,openMUSE/muse-laiona6-uvit-clip-220k,reduce-overhead,9.258481799997753,9.266716881827298,a100,vae,,456276992,0.008121000018946473
2,openMUSE/muse-laiona6-uvit-clip-220k,None,14.265828899988264,14.363059114287221,a100,vae,,607339520,0.00451325001904479
2,openMUSE/muse-laiona6-uvit-clip-220k,default,14.267722449994835,14.268160562494359,a100,vae,,607339520,0.00906452502249383
2,openMUSE/muse-laiona6-uvit-clip-220k,reduce-overhead,14.287312900023608,14.421698085724138,a100,vae,,607339520,0.017257900003640747
4,openMUSE/muse-laiona6-uvit-clip-220k,None,23.695216699979937,23.69261335998999,a100,vae,,909464576,0.007567299962828872
4,openMUSE/muse-laiona6-uvit-clip-220k,default,23.674790400036727,23.674222119998372,a100,vae,,909464576,0.003588600020521665
4,openMUSE/muse-laiona6-uvit-clip-220k,reduce-overhead,23.699075600006836,23.699967180000385,a100,vae,,909464576,0.0013317999673738423
8,openMUSE/muse-laiona6-uvit-clip-220k,None,41.41970199998468,41.41991633332509,a100,vae,,1513714688,0.004579799997378453
8,openMUSE/muse-laiona6-uvit-clip-220k,default,41.425151099974755,41.422145600002594,a100,vae,,1513714688,0.00535204999323885
8,openMUSE/muse-laiona6-uvit-clip-220k,reduce-overhead,41.42679249998764,41.426210033341704,a100,vae,,1513714688,0.006622500018232946
16,openMUSE/muse-laiona6-uvit-clip-220k,None,79.05389699999432,80.02066300000129,a100,vae,,2722214912,0.476232999972126
16,openMUSE/muse-laiona6-uvit-clip-220k,default,79.2830230002437,79.32637830768167,a100,vae,,2722214912,0.3026089993909409
16,openMUSE/muse-laiona6-uvit-clip-220k,reduce-overhead,79.00259300001835,79.00259300001835,a100,vae,,2722214912,0.00299470000299229
32,openMUSE/muse-laiona6-uvit-clip-220k,None,153.35696800002552,153.2469364285914,a100,vae,,5139215360,0.5010359996049374
32,openMUSE/muse-laiona6-uvit-clip-220k,default,153.42465900039315,153.42985257153228,a100,vae,,5139215360,0.5397729999003786
32,openMUSE/muse-laiona6-uvit-clip-220k,reduce-overhead,153.36715300009018,153.33271042865297,a100,vae,,5139215360,0.3218599999854632
1,openMUSE/muse-laiona6-uvit-clip-220k,None,306.6118560000177,307.42886399991676,a100,full,12,1744392192,1.470091999522083
1,openMUSE/muse-laiona6-uvit-clip-220k,None,493.73508999997284,493.9729030000611,a100,full,20,1744392192,0.7537334997778089
1,openMUSE/muse-laiona6-uvit-clip-220k,default,308.3824170000753,308.6978755001155,a100,full,12,1744392192,1.7615395005350365
1,openMUSE/muse-laiona6-uvit-clip-220k,default,486.0602550002113,489.2674833334543,a100,full,20,1744392192,6.4937544998429075
1,openMUSE/muse-laiona6-uvit-clip-220k,reduce-overhead,309.4317879999835,310.5848464999781,a100,full,12,1744392192,1.7248185004063998
1,openMUSE/muse-laiona6-uvit-clip-220k,reduce-overhead,485.17423400016924,492.2880850002305,a100,full,20,1744392192,11.208039499933875
2,openMUSE/muse-laiona6-uvit-clip-220k,None,347.9569520000041,346.78603900010785,a100,full,12,1895799808,2.276141500033191
2,openMUSE/muse-laiona6-uvit-clip-220k,None,558.7309504999212,558.7309504999212,a100,full,20,1895799808,4.115343499961455
2,openMUSE/muse-laiona6-uvit-clip-220k,default,344.55681000008553,345.99528499999604,a100,full,12,1895799808,3.017107499999838
2,openMUSE/muse-laiona6-uvit-clip-220k,default,546.3965009998901,546.3965009998901,a100,full,20,1895799808,2.269804000206932
2,openMUSE/muse-laiona6-uvit-clip-220k,reduce-overhead,349.78724599977795,350.06036833328835,a100,full,12,1895799808,0.9881445000701206
2,openMUSE/muse-laiona6-uvit-clip-220k,reduce-overhead,553.2330344999536,553.2330344999536,a100,full,20,1895799808,0.8240195002144901
4,openMUSE/muse-laiona6-uvit-clip-220k,None,409.84649699976217,410.6740303332117,a100,full,12,2198161408,1.6619189998436923
4,openMUSE/muse-laiona6-uvit-clip-220k,None,617.5502705000326,617.5502705000326,a100,full,20,2198161408,0.40179649977289955
4,openMUSE/muse-laiona6-uvit-clip-220k,default,408.9793439998175,409.10710933333877,a100,full,12,2198161408,0.42469000004530244
4,openMUSE/muse-laiona6-uvit-clip-220k,default,614.6200539999427,614.6200539999427,a100,full,20,2198161408,0.6653130001268437
4,openMUSE/muse-laiona6-uvit-clip-220k,reduce-overhead,408.10386199973436,407.7257963332765,a100,full,12,2198161408,0.8748375003051478
4,openMUSE/muse-laiona6-uvit-clip-220k,reduce-overhead,622.1838925000611,622.1838925000611,a100,full,20,2198161408,1.5590215000429453
8,openMUSE/muse-laiona6-uvit-clip-220k,None,609.6557329999541,609.6557329999541,a100,full,12,2802884608,0.4603599998063146
8,openMUSE/muse-laiona6-uvit-clip-220k,None,900.1470405000873,900.1470405000873,a100,full,20,2802884608,0.8255034999820055
8,openMUSE/muse-laiona6-uvit-clip-220k,default,607.911867499979,607.911867499979,a100,full,12,2802884608,0.5131645000346907
8,openMUSE/muse-laiona6-uvit-clip-220k,default,900.8915169999909,900.8915169999909,a100,full,20,2802884608,0.32803299995975976
8,openMUSE/muse-laiona6-uvit-clip-220k,reduce-overhead,607.6262525000402,607.6262525000402,a100,full,12,2802884608,0.3123125000001892
8,openMUSE/muse-laiona6-uvit-clip-220k,reduce-overhead,902.0932649998485,902.0932649998485,a100,full,20,2802884608,0.949074000118344
16,openMUSE/muse-laiona6-uvit-clip-220k,None,1192.7428170001804,1192.7428170001804,a100,full,12,4012331008,0.0
16,openMUSE/muse-laiona6-uvit-clip-220k,None,1768.558401000064,1768.558401000064,a100,full,20,4012331008,0.0
16,openMUSE/muse-laiona6-uvit-clip-220k,default,1191.5153790000659,1191.5153790000659,a100,full,12,4012331008,0.0
16,openMUSE/muse-laiona6-uvit-clip-220k,default,1766.8539430001147,1766.8539430001147,a100,full,20,4012331008,0.0
16,openMUSE/muse-laiona6-uvit-clip-220k,reduce-overhead,1192.2243650001292,1192.2243650001292,a100,full,12,4012331008,0.0
16,openMUSE/muse-laiona6-uvit-clip-220k,reduce-overhead,1771.2970160000623,1771.2970160000623,a100,full,20,4012331008,0.0
32,openMUSE/muse-laiona6-uvit-clip-220k,None,2305.7960630003436,2305.7960630003436,a100,full,12,6431502336,0.0
32,openMUSE/muse-laiona6-uvit-clip-220k,None,3422.5049460001173,3422.5049460001173,a100,full,20,6431502336,0.0
32,openMUSE/muse-laiona6-uvit-clip-220k,default,2311.3943010002913,2311.3943010002913,a100,full,12,6431502336,0.0
32,openMUSE/muse-laiona6-uvit-clip-220k,default,3424.1468810000697,3424.1468810000697,a100,full,20,6431502336,0.0
32,openMUSE/muse-laiona6-uvit-clip-220k,reduce-overhead,2304.3749219996243,2304.3749219996243,a100,full,12,6431502336,0.0
32,openMUSE/muse-laiona6-uvit-clip-220k,reduce-overhead,3416.5666560002137,3416.5666560002137,a100,full,20,6431502336,0.0
1,runwayml/stable-diffusion-v1-5,None,35.103858400043464,35.13992873334549,a100,backbone,,2395412480,0.08869539999523113
1,runwayml/stable-diffusion-v1-5,default,26.906987000006666,26.870794475007646,a100,backbone,,2446952960,0.25857222499326216
1,runwayml/stable-diffusion-v1-5,reduce-overhead,17.863233100001707,17.867869333334358,a100,backbone,,2243680768,0.0056148749649764795
2,runwayml/stable-diffusion-v1-5,None,36.26431269999557,36.388872633324354,a100,backbone,,2409986048,0.22263779999320832
2,runwayml/stable-diffusion-v1-5,default,26.73792489999869,26.740314050005058,a100,backbone,,2525253632,0.19096750003200214
2,runwayml/stable-diffusion-v1-5,reduce-overhead,24.9322857000152,24.932482500007605,a100,backbone,,2244015616,0.004463799996301532
4,runwayml/stable-diffusion-v1-5,None,42.88159570000971,42.88692439999977,a100,backbone,,2508071424,0.009582749999022255
4,runwayml/stable-diffusion-v1-5,default,38.66165510003157,38.66327026665507,a100,backbone,,2673682944,0.009786949999576744
4,runwayml/stable-diffusion-v1-5,reduce-overhead,37.57020279999779,37.56840630000322,a100,backbone,,2244685312,0.00367094999091655
8,runwayml/stable-diffusion-v1-5,None,73.09913299991422,73.17923614281037,a100,backbone,,2781318144,0.1436425001202224
8,runwayml/stable-diffusion-v1-5,default,64.08098869999321,64.08098869999321,a100,backbone,,2987971584,0.009002499996316193
8,runwayml/stable-diffusion-v1-5,reduce-overhead,63.164911850003584,63.164911850003584,a100,backbone,,2246024704,0.0645572499934216
16,runwayml/stable-diffusion-v1-5,None,132.91269349997492,132.9443657499496,a100,backbone,,3327885312,0.2621587497060318
16,runwayml/stable-diffusion-v1-5,default,115.67731800005276,115.77395977782443,a100,backbone,,3687674368,0.38723699981346726
16,runwayml/stable-diffusion-v1-5,reduce-overhead,115.20478100010223,115.1818040000055,a100,backbone,,2248850944,0.48626099987814086
32,runwayml/stable-diffusion-v1-5,None,257.3953950000032,257.4098769999864,a100,backbone,,4420798464,0.2339529995651901
32,runwayml/stable-diffusion-v1-5,default,221.97279300007722,222.05060400010552,a100,backbone,,4936616448,1.2138390002291999
32,runwayml/stable-diffusion-v1-5,reduce-overhead,221.89500700005738,222.1272572000089,a100,backbone,,2254061056,0.29620600025737076
1,runwayml/stable-diffusion-v1-5,None,37.6818066999931,37.68460219998815,a100,vae,,821041664,0.004699350006381886
1,runwayml/stable-diffusion-v1-5,default,37.69627120000223,37.69488730000981,a100,vae,,821041664,0.010347749957881347
1,runwayml/stable-diffusion-v1-5,reduce-overhead,37.680142000044725,37.68616903334987,a100,vae,,821041664,0.009954750021280712
2,runwayml/stable-diffusion-v1-5,None,76.34387035000145,76.34387035000145,a100,vae,,1255808000,0.007032349958524531
2,runwayml/stable-diffusion-v1-5,default,76.62895049998042,76.77875885701724,a100,vae,,1255808000,0.07878199971855793
2,runwayml/stable-diffusion-v1-5,reduce-overhead,76.36306650010738,76.36876050004763,a100,vae,,1255808000,0.02694024919946969
4,runwayml/stable-diffusion-v1-5,None,138.33744249996016,138.4533942498365,a100,vae,,2329680896,0.20725550029965234
4,runwayml/stable-diffusion-v1-5,default,139.07594849979432,139.14825500000916,a100,vae,,2329680896,0.343106750278821
4,runwayml/stable-diffusion-v1-5,reduce-overhead,139.0566305003631,139.02779549994193,a100,vae,,2329680896,0.31310724989452865
8,runwayml/stable-diffusion-v1-5,None,261.0451994996765,261.10220374971504,a100,vae,,4477426688,0.2774787501493847
8,runwayml/stable-diffusion-v1-5,default,261.2704409998514,261.2471272498169,a100,vae,,4477426688,0.3828652504580532
8,runwayml/stable-diffusion-v1-5,reduce-overhead,261.3410274998387,261.3429619998442,a100,vae,,4477426688,0.24573199948463298
16,runwayml/stable-diffusion-v1-5,None,516.9447540001784,516.9447540001784,a100,vae,,8772918272,0.05222199979471043
16,runwayml/stable-diffusion-v1-5,default,518.6602349999703,518.6602349999703,a100,vae,,8772918272,1.3173370002732554
16,runwayml/stable-diffusion-v1-5,reduce-overhead,517.3773094998069,517.3773094998069,a100,vae,,8772918272,0.5148724999344267
32,runwayml/stable-diffusion-v1-5,None,1087.142448999657,1087.142448999657,a100,vae,,15216122880,0.0
32,runwayml/stable-diffusion-v1-5,default,1090.4126450004696,1090.4126450004696,a100,vae,,15216122880,0.0
32,runwayml/stable-diffusion-v1-5,reduce-overhead,1089.0503330001593,1089.0503330001593,a100,vae,,15216122880,0.0
1,runwayml/stable-diffusion-v1-5,None,567.6308635001988,567.6308635001988,a100,full,12,2809300992,1.9347944999026367
1,runwayml/stable-diffusion-v1-5,None,872.3538710000867,872.3538710000867,a100,full,20,2809300992,0.05836999935127096
1,runwayml/stable-diffusion-v1-5,default,451.95910099937464,451.93496766660246,a100,full,12,2809300992,1.70334999984334
1,runwayml/stable-diffusion-v1-5,default,676.4082175000112,676.4082175000112,a100,full,20,2809300992,1.2191265000183193
1,runwayml/stable-diffusion-v1-5,reduce-overhead,405.15006800069386,405.1202609998654,a100,full,12,2818124288,0.12293550025788136
1,runwayml/stable-diffusion-v1-5,reduce-overhead,611.637776000407,611.637776000407,a100,full,20,2818124288,0.8616979998805618
2,runwayml/stable-diffusion-v1-5,None,692.085636000229,692.085636000229,a100,full,12,3244598784,0.3256029995100107
2,runwayml/stable-diffusion-v1-5,None,1065.3519549996417,1065.3519549996417,a100,full,20,3244598784,0.0
2,runwayml/stable-diffusion-v1-5,default,629.1499155004203,629.1499155004203,a100,full,12,3244598784,0.08653650002088398
2,runwayml/stable-diffusion-v1-5,default,956.0318019998704,956.0318019998704,a100,full,20,3244598784,1.315932999659708
2,runwayml/stable-diffusion-v1-5,reduce-overhead,616.3538030004929,616.3538030004929,a100,full,12,3253724160,2.2076189998188056
2,runwayml/stable-diffusion-v1-5,reduce-overhead,924.9940324998533,924.9940324998533,a100,full,20,3253724160,2.2099304997027502
4,runwayml/stable-diffusion-v1-5,None,1146.2432440002885,1146.2432440002885,a100,full,12,4319534592,0.0
4,runwayml/stable-diffusion-v1-5,None,1740.7552489994487,1740.7552489994487,a100,full,20,4319534592,0.0
4,runwayml/stable-diffusion-v1-5,default,1045.9675780002726,1045.9675780002726,a100,full,12,4319534592,0.0
4,runwayml/stable-diffusion-v1-5,default,1553.3877620000567,1553.3877620000567,a100,full,20,4319534592,0.0
4,runwayml/stable-diffusion-v1-5,reduce-overhead,1024.1430100004436,1024.1430100004436,a100,full,12,4329264128,0.0
4,runwayml/stable-diffusion-v1-5,reduce-overhead,1538.1160710003314,1538.1160710003314,a100,full,20,4329264128,0.0
8,runwayml/stable-diffusion-v1-5,None,2104.442234999624,2104.442234999624,a100,full,12,6469479936,0.0
8,runwayml/stable-diffusion-v1-5,None,3157.2999219997655,3157.2999219997655,a100,full,20,6469479936,0.0
8,runwayml/stable-diffusion-v1-5,default,1879.5618549993378,1879.5618549993378,a100,full,12,6469479936,0.0
8,runwayml/stable-diffusion-v1-5,default,2806.961056000546,2806.961056000546,a100,full,20,6469479936,0.0
8,runwayml/stable-diffusion-v1-5,reduce-overhead,1846.5990579998106,1846.5990579998106,a100,full,12,6480491520,0.0
8,runwayml/stable-diffusion-v1-5,reduce-overhead,2776.962353000272,2776.962353000272,a100,full,20,6480491520,0.0
16,runwayml/stable-diffusion-v1-5,None,4022.302516000309,4022.302516000309,a100,full,12,10769149440,0.0
16,runwayml/stable-diffusion-v1-5,None,6129.772461999892,6129.772461999892,a100,full,20,10769149440,0.0
16,runwayml/stable-diffusion-v1-5,default,3604.887039999994,3604.887039999994,a100,full,12,10769149440,0.0
16,runwayml/stable-diffusion-v1-5,default,5353.684566000084,5353.684566000084,a100,full,20,10769149440,0.0
16,runwayml/stable-diffusion-v1-5,reduce-overhead,3554.655821999404,3554.655821999404,a100,full,12,10782503936,0.0
16,runwayml/stable-diffusion-v1-5,reduce-overhead,5364.864230000421,5364.864230000421,a100,full,20,10782503936,0.0
32,runwayml/stable-diffusion-v1-5,None,8024.779106999631,8024.779106999631,a100,full,12,17222561280,0.0
32,runwayml/stable-diffusion-v1-5,None,12042.320360999838,12042.320360999838,a100,full,20,17221709312,0.0
32,runwayml/stable-diffusion-v1-5,default,7102.782088000822,7102.782088000822,a100,full,12,17222561280,0.0
32,runwayml/stable-diffusion-v1-5,default,10598.720327000592,10598.720327000592,a100,full,20,17221709312,0.0
32,runwayml/stable-diffusion-v1-5,reduce-overhead,7088.3428480001385,7088.3428480001385,a100,full,12,17240749056,0.0
32,runwayml/stable-diffusion-v1-5,reduce-overhead,10549.969249999776,10549.969249999776,a100,full,20,17240749056,0.0
1,williamberman/laiona6plus_uvit_clip_f8,None,26.189790099988386,26.197384274996693,a100,backbone,,1550296576,0.44147077503566695
1,williamberman/laiona6plus_uvit_clip_f8,default,18.28208480005742,18.299741550026738,a100,backbone,,1550689792,0.13065592495422815
1,williamberman/laiona6plus_uvit_clip_f8,reduce-overhead,3.937684219999937,3.937727196668372,a100,backbone,,1817176576,8.920499567494078e-05
2,williamberman/laiona6plus_uvit_clip_f8,None,26.12204364995705,26.173684424975363,a100,backbone,,1555266560,0.0968634750279293
2,williamberman/laiona6plus_uvit_clip_f8,default,18.419612849993424,18.42687670000487,a100,backbone,,1556315136,0.06509650004318454
2,williamberman/laiona6plus_uvit_clip_f8,reduce-overhead,4.211262459994032,4.211248973330536,a100,backbone,,1834580992,0.00022527000055616586
4,williamberman/laiona6plus_uvit_clip_f8,None,26.779070549991957,26.757419149998892,a100,backbone,,1683826688,0.2016808499774904
4,williamberman/laiona6plus_uvit_clip_f8,default,18.308863099991868,18.320713733343535,a100,backbone,,1685923840,0.046416249983850105
4,williamberman/laiona6plus_uvit_clip_f8,reduce-overhead,4.97036174000641,4.9703998866698385,a100,backbone,,1869389824,0.00011697999980318785
8,williamberman/laiona6plus_uvit_clip_f8,None,26.511323399972753,26.471729175000288,a100,backbone,,1690861568,0.2876964249026101
8,williamberman/laiona6plus_uvit_clip_f8,default,18.704156900003003,18.72405424998457,a100,backbone,,1693483008,0.11264737506735262
8,williamberman/laiona6plus_uvit_clip_f8,reduce-overhead,6.7540172200006054,6.7540172200006054,a100,backbone,,1939007488,0.00033954000173280763
16,williamberman/laiona6plus_uvit_clip_f8,None,27.22072400001707,27.220314850001156,a100,backbone,,1633308672,0.049854900044010025
16,williamberman/laiona6plus_uvit_clip_f8,default,19.317706699985138,19.285882116673747,a100,backbone,,1642745856,0.06192862499574542
16,williamberman/laiona6plus_uvit_clip_f8,reduce-overhead,11.080388899972604,11.315437855551458,a100,backbone,,2082953216,0.0050182000450142705
32,williamberman/laiona6plus_uvit_clip_f8,None,28.14682305001952,28.218181150009514,a100,backbone,,1722470400,0.13571165002303903
32,williamberman/laiona6plus_uvit_clip_f8,default,19.769862699968144,19.746718316673654,a100,backbone,,1739247616,0.0314900249804885
32,williamberman/laiona6plus_uvit_clip_f8,reduce-overhead,17.71151210004973,17.722152750017507,a100,backbone,,2361219072,0.017383100089318065
1,williamberman/laiona6plus_uvit_clip_f8,None,6.554406310001468,6.554406310001468,a100,vae,,211839488,0.01691230999767944
1,williamberman/laiona6plus_uvit_clip_f8,default,6.662176790000558,6.662176790000558,a100,vae,,211839488,0.0018485000009612479
1,williamberman/laiona6plus_uvit_clip_f8,reduce-overhead,6.553161774995715,6.553161774995715,a100,vae,,211839488,0.02053297499969662
2,williamberman/laiona6plus_uvit_clip_f8,None,6.4147601549984765,6.4147601549984765,a100,vae,,212988416,0.026477315000192174
2,williamberman/laiona6plus_uvit_clip_f8,default,6.563745174998985,6.563745174998985,a100,vae,,212988416,0.03986835499745177
2,williamberman/laiona6plus_uvit_clip_f8,reduce-overhead,6.505531180000617,6.505531180000617,a100,vae,,212988416,0.005562520000238803
4,williamberman/laiona6plus_uvit_clip_f8,None,6.526431080001203,6.526431080001203,a100,vae,,215286272,0.003555299999788604
4,williamberman/laiona6plus_uvit_clip_f8,default,6.448711130001357,6.448711130001357,a100,vae,,215286272,0.029838790001121725
4,williamberman/laiona6plus_uvit_clip_f8,reduce-overhead,6.600006780004151,6.600006780004151,a100,vae,,215286272,0.059311410000191175
8,williamberman/laiona6plus_uvit_clip_f8,None,6.545678990000852,6.545678990000852,a100,vae,,169320960,0.01433695000287085
8,williamberman/laiona6plus_uvit_clip_f8,default,6.555273100002523,6.555273100002523,a100,vae,,169320960,0.01559028999508806
8,williamberman/laiona6plus_uvit_clip_f8,reduce-overhead,6.644013084996913,6.644013084996913,a100,vae,,169320960,0.012487875001169872
16,williamberman/laiona6plus_uvit_clip_f8,None,6.532348229998207,6.532348229998207,a100,vae,,261087744,0.0033223899981752944
16,williamberman/laiona6plus_uvit_clip_f8,default,6.553662745000111,6.553662745000111,a100,vae,,261087744,0.012792415000149882
16,williamberman/laiona6plus_uvit_clip_f8,reduce-overhead,6.48039342499942,6.48039342499942,a100,vae,,261087744,0.016499415005455896
32,williamberman/laiona6plus_uvit_clip_f8,None,11.719255899970449,11.893878111125863,a100,vae,,445702656,0.020462599968596243
32,williamberman/laiona6plus_uvit_clip_f8,default,11.687830699975166,11.771258577765467,a100,vae,,445702656,0.010847700013983871
32,williamberman/laiona6plus_uvit_clip_f8,reduce-overhead,11.725619499975437,11.729975744442022,a100,vae,,445702656,0.023169399992185175
1,williamberman/laiona6plus_uvit_clip_f8,None,344.64862099957827,344.8947046666338,a100,full,12,1525640192,0.7913805002317531
1,williamberman/laiona6plus_uvit_clip_f8,None,549.8339144996862,549.8339144996862,a100,full,20,1525640192,0.3650124999694526
1,williamberman/laiona6plus_uvit_clip_f8,default,346.50156799943943,346.9333313329723,a100,full,12,1525640192,1.137824000124965
1,williamberman/laiona6plus_uvit_clip_f8,default,562.7836495000338,562.7836495000338,a100,full,20,1525640192,0.49986749991148827
1,williamberman/laiona6plus_uvit_clip_f8,reduce-overhead,347.57660899958864,347.41517633301555,a100,full,12,1525640192,0.9691440000096918
1,williamberman/laiona6plus_uvit_clip_f8,reduce-overhead,557.1827824996944,557.1827824996944,a100,full,20,1525640192,0.7116494998626877
2,williamberman/laiona6plus_uvit_clip_f8,None,391.62236799984385,392.558821666474,a100,full,12,1677004800,2.327104500182031
2,williamberman/laiona6plus_uvit_clip_f8,None,615.0826615003098,615.0826615003098,a100,full,20,1677004800,0.18081750022247434
2,williamberman/laiona6plus_uvit_clip_f8,default,398.44202600033896,397.824791999786,a100,full,12,1677004800,3.8907790003577247
2,williamberman/laiona6plus_uvit_clip_f8,default,621.406321500217,621.406321500217,a100,full,20,1677004800,3.8599495001108153
2,williamberman/laiona6plus_uvit_clip_f8,reduce-overhead,402.9269940001541,403.6074286668736,a100,full,12,1677004800,1.1338280000927625
2,williamberman/laiona6plus_uvit_clip_f8,reduce-overhead,627.6752339999803,627.6752339999803,a100,full,20,1677004800,1.0115450004377635
4,williamberman/laiona6plus_uvit_clip_f8,None,477.35890700005257,476.2273550001434,a100,full,12,1858544128,1.7637869996178779
4,williamberman/laiona6plus_uvit_clip_f8,None,726.1977480002315,726.1977480002315,a100,full,20,1858544128,0.590829999964626
4,williamberman/laiona6plus_uvit_clip_f8,default,472.5666229996932,471.39765099988534,a100,full,12,1858544128,3.1158639999375737
4,williamberman/laiona6plus_uvit_clip_f8,default,740.6389780003337,740.6389780003337,a100,full,20,1858544128,6.712208999942959
4,williamberman/laiona6plus_uvit_clip_f8,reduce-overhead,476.4003979998961,476.65118233301956,a100,full,12,1858544128,3.2478045000061684
4,williamberman/laiona6plus_uvit_clip_f8,reduce-overhead,722.7146590003031,722.7146590003031,a100,full,20,1858544128,1.0090480000144453
8,williamberman/laiona6plus_uvit_clip_f8,None,759.5709395000085,759.5709395000085,a100,full,12,2275991552,0.7389415004581679
8,williamberman/laiona6plus_uvit_clip_f8,None,1148.8829130003069,1148.8829130003069,a100,full,20,2275991552,0.0
8,williamberman/laiona6plus_uvit_clip_f8,default,759.4119680002223,759.4119680002223,a100,full,12,2275991552,0.14391200011232286
8,williamberman/laiona6plus_uvit_clip_f8,default,1149.4823270004417,1149.4823270004417,a100,full,20,2275991552,0.0
8,williamberman/laiona6plus_uvit_clip_f8,reduce-overhead,760.7812854998883,760.7812854998883,a100,full,12,2275991552,1.1400895004953782
8,williamberman/laiona6plus_uvit_clip_f8,reduce-overhead,1147.349795000082,1147.349795000082,a100,full,20,2275991552,0.0
16,williamberman/laiona6plus_uvit_clip_f8,None,1495.753399000023,1495.753399000023,a100,full,12,3165683712,0.0
16,williamberman/laiona6plus_uvit_clip_f8,None,2270.1703109996743,2270.1703109996743,a100,full,20,3165683712,0.0
16,williamberman/laiona6plus_uvit_clip_f8,default,1503.2263350003632,1503.2263350003632,a100,full,12,3165683712,0.0
16,williamberman/laiona6plus_uvit_clip_f8,default,2263.1284779999987,2263.1284779999987,a100,full,20,3165683712,0.0
16,williamberman/laiona6plus_uvit_clip_f8,reduce-overhead,1491.760701000203,1491.760701000203,a100,full,12,3165683712,0.0
16,williamberman/laiona6plus_uvit_clip_f8,reduce-overhead,2262.339336999503,2262.339336999503,a100,full,20,3165683712,0.0
32,williamberman/laiona6plus_uvit_clip_f8,None,2907.4073339997994,2907.4073339997994,a100,full,12,5077237760,0.0
32,williamberman/laiona6plus_uvit_clip_f8,None,4398.31116699952,4398.31116699952,a100,full,20,5077237760,0.0
32,williamberman/laiona6plus_uvit_clip_f8,default,2908.7627449998763,2908.7627449998763,a100,full,12,5077237760,0.0
32,williamberman/laiona6plus_uvit_clip_f8,default,4397.424334000789,4397.424334000789,a100,full,20,5077237760,0.0
32,williamberman/laiona6plus_uvit_clip_f8,reduce-overhead,2915.6430029997864,2915.6430029997864,a100,full,12,5077237760,0.0
32,williamberman/laiona6plus_uvit_clip_f8,reduce-overhead,4404.054116000225,4404.054116000225,a100,full,20,5077237760,0.0
1,openMUSE/muse-laiona6-uvit-clip-220k,None,6.678943149745464,6.676748866836229,4090,backbone,,1526056448,0.016901083290576414
1,openMUSE/muse-laiona6-uvit-clip-220k,default,4.153784457594156,4.157421223819256,4090,backbone,,1523959296,0.007739197462797512
1,openMUSE/muse-laiona6-uvit-clip-220k,reduce-overhead,3.8465161435306072,3.8464766213049493,4090,backbone,,1773794816,0.00015479978173957298
2,openMUSE/muse-laiona6-uvit-clip-220k,None,6.915196496993303,6.913349082072576,4090,backbone,,1536138240,0.0024060718715190887
2,openMUSE/muse-laiona6-uvit-clip-220k,default,5.588091304525733,5.609542410820723,4090,backbone,,1531943936,0.0015987316146492958
2,openMUSE/muse-laiona6-uvit-clip-220k,reduce-overhead,5.588296195492148,5.6369270405007725,4090,backbone,,1810073600,0.0069522298872474325
4,openMUSE/muse-laiona6-uvit-clip-220k,None,12.644528551027179,12.644397909753025,4090,backbone,,1556301824,0.0009397510439164425
4,openMUSE/muse-laiona6-uvit-clip-220k,default,10.834152530878782,10.864641778171062,4090,backbone,,1547913216,0.0023607630282636988
4,openMUSE/muse-laiona6-uvit-clip-220k,reduce-overhead,10.949699254706502,10.996805829927327,4090,backbone,,1882631168,0.031114649027585636
8,openMUSE/muse-laiona6-uvit-clip-220k,None,17.313776910305023,17.322500888258222,4090,backbone,,1670029312,0.0008902279660105705
8,openMUSE/muse-laiona6-uvit-clip-220k,default,14.815269876271486,14.818674751690459,4090,backbone,,1670029312,0.001164386048913002
8,openMUSE/muse-laiona6-uvit-clip-220k,reduce-overhead,14.89170528948307,14.907275379768437,4090,backbone,,2027746304,0.003283424302936294
16,openMUSE/muse-laiona6-uvit-clip-220k,None,33.97853281348944,33.97910982991258,4090,backbone,,1677488128,0.012899516150355339
16,openMUSE/muse-laiona6-uvit-clip-220k,default,29.454655619338155,29.452275112271305,4090,backbone,,1643933696,0.0025480519980185246
16,openMUSE/muse-laiona6-uvit-clip-220k,reduce-overhead,29.83642434701324,29.83736083842814,4090,backbone,,2322686976,0.004435982555148904
32,openMUSE/muse-laiona6-uvit-clip-220k,None,77.030791901052,77.02496626342719,4090,backbone,,1838477312,0.037260353565216064
32,openMUSE/muse-laiona6-uvit-clip-220k,default,63.78424447029829,63.980506849475205,4090,backbone,,1771368448,0.024765031412243843
32,openMUSE/muse-laiona6-uvit-clip-220k,reduce-overhead,64.50362876057625,65.19531016238034,4090,backbone,,2907333632,0.035265227779746056
1,openMUSE/muse-laiona6-uvit-clip-220k,None,6.5652006305754185,6.565081269945949,4090,vae,,456276992,0.003605126403271805
1,openMUSE/muse-laiona6-uvit-clip-220k,default,6.565872114151716,6.565968634095043,4090,vae,,456276992,0.0029623275622728956
1,openMUSE/muse-laiona6-uvit-clip-220k,reduce-overhead,6.567892665043474,6.567485642153771,4090,vae,,456276992,0.002496014349162752
2,openMUSE/muse-laiona6-uvit-clip-220k,None,10.795726533979177,10.796178439632058,4090,vae,,607339520,0.0016559148207310331
2,openMUSE/muse-laiona6-uvit-clip-220k,default,10.79954351298511,10.799213536083698,4090,vae,,607339520,0.0021551037207249296
2,openMUSE/muse-laiona6-uvit-clip-220k,reduce-overhead,10.798701038584113,10.798848392441869,4090,vae,,607339520,0.006063980981706185
4,openMUSE/muse-laiona6-uvit-clip-220k,None,22.477430664002895,22.477701865136623,4090,vae,,909464576,0.0012281350791447376
4,openMUSE/muse-laiona6-uvit-clip-220k,default,22.533956076949835,22.506415024399754,4090,vae,,909464576,0.06629433482885361
4,openMUSE/muse-laiona6-uvit-clip-220k,reduce-overhead,22.468126565217972,22.468017712235454,4090,vae,,909464576,0.002366025000810623
8,openMUSE/muse-laiona6-uvit-clip-220k,None,48.297328781336546,48.29646109913786,4090,vae,,1513714688,0.008471589535472002
8,openMUSE/muse-laiona6-uvit-clip-220k,default,48.32383245229721,48.32493562606119,4090,vae,,1513714688,0.018369406461715698
8,openMUSE/muse-laiona6-uvit-clip-220k,reduce-overhead,48.31116180866957,48.31323293702943,4090,vae,,1513714688,0.045581720769405365
16,openMUSE/muse-laiona6-uvit-clip-220k,None,94.41369120031595,94.41998177631335,4090,vae,,2722214912,0.0406801700592041
16,openMUSE/muse-laiona6-uvit-clip-220k,default,94.36152130365372,94.46696742353114,4090,vae,,2722214912,0.2910224720835686
16,openMUSE/muse-laiona6-uvit-clip-220k,reduce-overhead,94.44265998899937,94.44322403181684,4090,vae,,2722214912,0.01581478863954544
32,openMUSE/muse-laiona6-uvit-clip-220k,None,189.8224619217217,189.86161006614566,4090,vae,,5139215360,0.3506680950522423
32,openMUSE/muse-laiona6-uvit-clip-220k,default,190.1871939189732,190.17915225898227,4090,vae,,5139215360,0.11869892477989197
32,openMUSE/muse-laiona6-uvit-clip-220k,reduce-overhead,189.6578399464488,189.65405303364,4090,vae,,5139215360,0.06244843825697899
1,openMUSE/muse-laiona6-uvit-clip-220k,None,104.90911221131682,105.30616594478488,4090,full,12,1744619008,0.5943868309259415
1,openMUSE/muse-laiona6-uvit-clip-220k,None,164.28976971656084,164.29039995585168,4090,full,20,1744619008,0.11921161785721779
1,openMUSE/muse-laiona6-uvit-clip-220k,default,104.40265806391835,104.40448960289359,4090,full,12,1744619008,0.05947193130850792
1,openMUSE/muse-laiona6-uvit-clip-220k,default,163.50842360407114,163.5350984122072,4090,full,20,1744619008,0.19505061209201813
1,openMUSE/muse-laiona6-uvit-clip-220k,reduce-overhead,104.9823621287942,105.00922705978155,4090,full,12,1744619008,0.14384277164936066
1,openMUSE/muse-laiona6-uvit-clip-220k,reduce-overhead,163.96410670131445,163.99636239345585,4090,full,20,1744619008,0.115180853754282
2,openMUSE/muse-laiona6-uvit-clip-220k,None,185.03518169745803,185.0561466999352,4090,full,12,1895799808,0.23939646780490875
2,openMUSE/muse-laiona6-uvit-clip-220k,None,289.23918632790446,289.3368077930063,4090,full,20,1895799808,0.1427952665835619
2,openMUSE/muse-laiona6-uvit-clip-220k,default,184.60579309612513,184.5970433205366,4090,full,12,1895799808,0.24094246327877045
2,openMUSE/muse-laiona6-uvit-clip-220k,default,289.34155125170946,289.3571564927697,4090,full,20,1895799808,0.17024623230099678
2,openMUSE/muse-laiona6-uvit-clip-220k,reduce-overhead,184.51760709285736,184.5270285072426,4090,full,12,1895799808,0.2204787451773882
2,openMUSE/muse-laiona6-uvit-clip-220k,reduce-overhead,289.88531325012445,289.9050584528595,4090,full,20,1895799808,0.1333553809672594
4,openMUSE/muse-laiona6-uvit-clip-220k,None,267.8796714171767,268.0208724923432,4090,full,12,2198161408,0.2442668192088604
4,openMUSE/muse-laiona6-uvit-clip-220k,None,410.6958191841841,410.76872280488413,4090,full,20,2198161408,0.13314606621861458
4,openMUSE/muse-laiona6-uvit-clip-220k,default,268.3352632448077,268.30336288549006,4090,full,12,2198161408,0.5285723600536585
4,openMUSE/muse-laiona6-uvit-clip-220k,default,411.37100104242563,411.37703756491345,4090,full,20,2198161408,0.014895107597112656
4,openMUSE/muse-laiona6-uvit-clip-220k,reduce-overhead,268.2100161910057,268.05918756872416,4090,full,12,2198161408,0.5678613670170307
4,openMUSE/muse-laiona6-uvit-clip-220k,reduce-overhead,411.5835800766945,411.50580036143464,4090,full,20,2198161408,0.38315169513225555
8,openMUSE/muse-laiona6-uvit-clip-220k,None,526.1828443035483,526.1828443035483,4090,full,12,2802884608,0.22505130618810654
8,openMUSE/muse-laiona6-uvit-clip-220k,None,805.9131917543709,805.9131917543709,4090,full,20,2802884608,0.16526645049452782
8,openMUSE/muse-laiona6-uvit-clip-220k,default,526.90399158746,526.90399158746,4090,full,12,2802884608,0.7211389020085335
8,openMUSE/muse-laiona6-uvit-clip-220k,default,806.6335776820779,806.6335776820779,4090,full,20,2802884608,0.6622029468417168
8,openMUSE/muse-laiona6-uvit-clip-220k,reduce-overhead,527.3963427171111,527.3963427171111,4090,full,12,2802884608,0.4690680652856827
8,openMUSE/muse-laiona6-uvit-clip-220k,reduce-overhead,806.2438163906336,806.2438163906336,4090,full,20,2802884608,0.14055520296096802
16,openMUSE/muse-laiona6-uvit-clip-220k,None,1163.4849654510617,1163.4849654510617,4090,full,12,4012331008,0.0
16,openMUSE/muse-laiona6-uvit-clip-220k,None,1796.9982856884599,1796.9982856884599,4090,full,20,4012331008,0.0
16,openMUSE/muse-laiona6-uvit-clip-220k,default,1162.3790133744478,1162.3790133744478,4090,full,12,4012331008,0.0
16,openMUSE/muse-laiona6-uvit-clip-220k,default,1794.9812766164541,1794.9812766164541,4090,full,20,4012331008,0.0
16,openMUSE/muse-laiona6-uvit-clip-220k,reduce-overhead,1162.7740310505033,1162.7740310505033,4090,full,12,4012331008,0.0
16,openMUSE/muse-laiona6-uvit-clip-220k,reduce-overhead,1794.1853227093816,1794.1853227093816,4090,full,20,4012331008,0.0
32,openMUSE/muse-laiona6-uvit-clip-220k,None,2406.807660125196,2406.807660125196,4090,full,12,6431502336,0.0
32,openMUSE/muse-laiona6-uvit-clip-220k,None,3725.097509101033,3725.097509101033,4090,full,20,6431502336,0.0
32,openMUSE/muse-laiona6-uvit-clip-220k,default,2402.962571941316,2402.962571941316,4090,full,12,6431502336,0.0
32,openMUSE/muse-laiona6-uvit-clip-220k,default,3746.6039760038257,3746.6039760038257,4090,full,20,6431502336,0.0
32,openMUSE/muse-laiona6-uvit-clip-220k,reduce-overhead,2413.3581072092056,2413.3581072092056,4090,full,12,6431502336,0.0
32,openMUSE/muse-laiona6-uvit-clip-220k,reduce-overhead,3739.3005108460784,3739.3005108460784,4090,full,20,6431502336,0.0
1,runwayml/stable-diffusion-v1-5,None,15.621698461472988,15.622753091156483,4090,backbone,,2390170112,0.002615107223390839
1,runwayml/stable-diffusion-v1-5,default,15.05847992375493,15.058518041457447,4090,backbone,,2484931584,0.0028215348720547068
1,runwayml/stable-diffusion-v1-5,reduce-overhead,14.456188958138227,14.456380158662796,4090,backbone,,2243680768,0.0014400575309991837
2,runwayml/stable-diffusion-v1-5,None,24.869846273213625,24.870876222848892,4090,backbone,,2409986048,0.0033501535654061054
2,runwayml/stable-diffusion-v1-5,default,23.75007001683116,23.748428020626303,4090,backbone,,2597702144,0.015727151185272736
2,runwayml/stable-diffusion-v1-5,reduce-overhead,23.115197010338306,23.11418153345585,4090,backbone,,2244015616,0.00709798187017302
4,runwayml/stable-diffusion-v1-5,None,39.20455323532224,39.19609577084581,4090,backbone,,2508071424,0.02471525222062787
4,runwayml/stable-diffusion-v1-5,default,37.57324907928705,37.81288869127079,4090,backbone,,2826370560,0.04626438021659851
4,runwayml/stable-diffusion-v1-5,reduce-overhead,37.03615441918373,37.19908775140842,4090,backbone,,2244685312,0.03623543307185173
8,runwayml/stable-diffusion-v1-5,None,72.12709309533238,72.1286829294903,4090,backbone,,2781318144,0.03215763717889786
8,runwayml/stable-diffusion-v1-5,default,68.25944408774376,68.27100533992052,4090,backbone,,3238390784,0.046154484152793884
8,runwayml/stable-diffusion-v1-5,reduce-overhead,67.88264028728008,67.8825612490376,4090,backbone,,2246024704,0.04303036257624626
16,runwayml/stable-diffusion-v1-5,None,142.9256573319435,142.91377937687295,4090,backbone,,3327885312,0.06892206147313118
16,runwayml/stable-diffusion-v1-5,default,134.30366665124893,134.31818154640496,4090,backbone,,4220129280,0.09109382517635822
16,runwayml/stable-diffusion-v1-5,reduce-overhead,133.8626593351364,133.84619227144867,4090,backbone,,2248850944,0.17187511548399925
32,runwayml/stable-diffusion-v1-5,None,290.24081490933895,290.211001643911,4090,backbone,,4420798464,0.0689567532390356
32,runwayml/stable-diffusion-v1-5,default,261.7189777083695,261.7263151332736,4090,backbone,,6095276544,0.11962931603193283
1,runwayml/stable-diffusion-v1-5,None,32.09625673480332,32.09730978123844,4090,vae,,821041664,0.0062841456383438965
1,runwayml/stable-diffusion-v1-5,default,32.10140629671514,32.103968504816294,4090,vae,,821041664,0.003296369686725531
1,runwayml/stable-diffusion-v1-5,reduce-overhead,32.101110741496086,32.10148725192994,4090,vae,,821041664,0.002428540028631687
2,runwayml/stable-diffusion-v1-5,None,71.61842845380306,71.61058891298515,4090,vae,,1255808000,0.03207335248589516
2,runwayml/stable-diffusion-v1-5,default,71.58932834863663,71.58382549615843,4090,vae,,1255808000,0.02379855141043663
2,runwayml/stable-diffusion-v1-5,reduce-overhead,71.60452334210277,71.60283971045699,4090,vae,,1255808000,0.033122021704912186
4,runwayml/stable-diffusion-v1-5,None,139.49430268257856,139.48864152189344,4090,vae,,2329680896,0.06194296292960644
4,runwayml/stable-diffusion-v1-5,default,139.5546132698655,139.54560842830688,4090,vae,,2329680896,0.10172044858336449
4,runwayml/stable-diffusion-v1-5,reduce-overhead,139.49810387566686,139.49212292209268,4090,vae,,2329680896,0.07106061093509197
8,runwayml/stable-diffusion-v1-5,None,274.71746411174536,274.71555583178997,4090,vae,,4477426688,0.205939169973135
8,runwayml/stable-diffusion-v1-5,default,274.8209093697369,274.8034237883985,4090,vae,,4477426688,0.06135506555438042
8,runwayml/stable-diffusion-v1-5,reduce-overhead,274.55919701606035,274.569344939664,4090,vae,,4477426688,0.06020651198923588
16,runwayml/stable-diffusion-v1-5,None,558.1310307607055,558.1310307607055,4090,vae,,8772918272,0.14084111899137497
16,runwayml/stable-diffusion-v1-5,default,558.4651827812195,558.4651827812195,4090,vae,,8772918272,0.10961107909679413
16,runwayml/stable-diffusion-v1-5,reduce-overhead,558.2264168187976,558.2264168187976,4090,vae,,8772918272,0.09076576679944992
32,runwayml/stable-diffusion-v1-5,None,1205.5584844201803,1205.5584844201803,4090,vae,,15216122880,0.0
32,runwayml/stable-diffusion-v1-5,default,1200.711122713983,1200.711122713983,4090,vae,,15216122880,0.0
32,runwayml/stable-diffusion-v1-5,reduce-overhead,1196.0482327267528,1196.0482327267528,4090,vae,,15216122880,0.0
1,runwayml/stable-diffusion-v1-5,None,367.48965457081795,367.54124766836566,4090,full,12,2809300992,0.23345230147242546
1,runwayml/stable-diffusion-v1-5,None,568.8216113485396,568.8216113485396,4090,full,20,2809300992,0.09049614891409874
1,runwayml/stable-diffusion-v1-5,default,355.16813583672047,355.2900291979313,4090,full,12,2809300992,0.21698232740163803
1,runwayml/stable-diffusion-v1-5,default,546.572903636843,546.572903636843,4090,full,20,2809300992,0.0984002836048603
1,runwayml/stable-diffusion-v1-5,reduce-overhead,347.88489807397127,347.9000208899379,4090,full,12,2818124288,0.034825876355171204
1,runwayml/stable-diffusion-v1-5,reduce-overhead,533.2049573771656,533.2049573771656,4090,full,20,2818124288,0.04868069663643837
2,runwayml/stable-diffusion-v1-5,None,596.6321271844208,596.6321271844208,4090,full,12,3244598784,0.12233061715960503
2,runwayml/stable-diffusion-v1-5,None,913.0649184808135,913.0649184808135,4090,full,20,3244598784,0.5497392266988754
2,runwayml/stable-diffusion-v1-5,default,577.7037469670177,577.7037469670177,4090,full,12,3244598784,0.10387971997261047
2,runwayml/stable-diffusion-v1-5,default,879.8209629021585,879.8209629021585,4090,full,20,3244598784,0.2979612909257412
2,runwayml/stable-diffusion-v1-5,reduce-overhead,571.5218801051378,571.5218801051378,4090,full,12,3253724160,3.2012956216931343
2,runwayml/stable-diffusion-v1-5,reduce-overhead,868.3997984044254,868.3997984044254,4090,full,20,3253724160,0.8950759656727314
4,runwayml/stable-diffusion-v1-5,None,1101.7625089734793,1101.7625089734793,4090,full,12,4319534592,0.0
4,runwayml/stable-diffusion-v1-5,None,1682.6865626499057,1682.6865626499057,4090,full,20,4319534592,0.0
4,runwayml/stable-diffusion-v1-5,default,1052.9421903192997,1052.9421903192997,4090,full,12,4319534592,0.0
4,runwayml/stable-diffusion-v1-5,default,1602.6006527245045,1602.6006527245045,4090,full,20,4319534592,0.0
4,runwayml/stable-diffusion-v1-5,reduce-overhead,1045.2280789613724,1045.2280789613724,4090,full,12,4329264128,0.0
4,runwayml/stable-diffusion-v1-5,reduce-overhead,1591.732271015644,1591.732271015644,4090,full,20,4329264128,0.0
8,runwayml/stable-diffusion-v1-5,None,2172.2746090963483,2172.2746090963483,4090,full,12,6469479936,0.0
8,runwayml/stable-diffusion-v1-5,None,3320.3611727803946,3320.3611727803946,4090,full,20,6469479936,0.0
8,runwayml/stable-diffusion-v1-5,default,2067.161614075303,2067.161614075303,4090,full,12,6469479936,0.0
8,runwayml/stable-diffusion-v1-5,default,3143.9319234341383,3143.9319234341383,4090,full,20,6469479936,0.0
16,runwayml/stable-diffusion-v1-5,None,4414.0942906960845,4414.0942906960845,4090,full,12,10769149440,0.0
16,runwayml/stable-diffusion-v1-5,None,6745.93348428607,6745.93348428607,4090,full,20,10769149440,0.0
16,runwayml/stable-diffusion-v1-5,default,4038.593750447035,4038.593750447035,4090,full,12,10769149440,0.0
16,runwayml/stable-diffusion-v1-5,default,6149.6756458655,6149.6756458655,4090,full,20,10769149440,0.0
32,runwayml/stable-diffusion-v1-5,None,9018.180905841291,9018.180905841291,4090,full,12,17222561280,0.0
32,runwayml/stable-diffusion-v1-5,None,13747.778953053057,13747.778953053057,4090,full,20,17221709312,0.0
1,williamberman/laiona6plus_uvit_clip_f8,None,8.178658410906792,8.179388152292141,4090,backbone,,1550296576,0.009616836905479431
1,williamberman/laiona6plus_uvit_clip_f8,default,5.49347959458828,5.4951976445552555,4090,backbone,,1550689792,0.016829604282975544
1,williamberman/laiona6plus_uvit_clip_f8,reduce-overhead,3.5108471289277077,3.5371814372724497,4090,backbone,,1817176576,0.0047061592340471095
2,williamberman/laiona6plus_uvit_clip_f8,None,7.833273336291312,7.833481938219988,4090,backbone,,1555266560,0.0077909789979457855
2,williamberman/laiona6plus_uvit_clip_f8,default,5.253085028380156,5.2533571142703295,4090,backbone,,1556315136,0.011137849651276892
2,williamberman/laiona6plus_uvit_clip_f8,reduce-overhead,3.802527906373143,3.8467647794347535,4090,backbone,,1834580992,0.004010600969195453
4,williamberman/laiona6plus_uvit_clip_f8,None,7.993134297430515,7.9927238277517825,4090,backbone,,1680680960,0.008225999772548329
4,williamberman/laiona6plus_uvit_clip_f8,default,5.537912733852863,5.537912733852863,4090,backbone,,1682778112,0.002536913380026158
4,williamberman/laiona6plus_uvit_clip_f8,reduce-overhead,4.156506042927504,4.156528916209936,4090,backbone,,1869389824,6.560236215542858e-05
8,williamberman/laiona6plus_uvit_clip_f8,None,8.335445914417503,8.334183514428636,4090,backbone,,1690861568,0.0027515226975072943
8,williamberman/laiona6plus_uvit_clip_f8,default,6.630277633666992,6.724047902971506,4090,backbone,,1693483008,0.004146993160247629
8,williamberman/laiona6plus_uvit_clip_f8,reduce-overhead,6.584268948063254,6.657528574578464,4090,backbone,,1939007488,0.00426426995545591
16,williamberman/laiona6plus_uvit_clip_f8,None,15.149676240980625,15.150126828146833,4090,backbone,,1633308672,0.0013025943189880207
16,williamberman/laiona6plus_uvit_clip_f8,default,12.767262849956753,12.814102601259947,4090,backbone,,1642745856,0.0031154602766047396
16,williamberman/laiona6plus_uvit_clip_f8,reduce-overhead,12.99883583560586,13.072930730413646,4090,backbone,,2082953216,0.004671746864914894
32,williamberman/laiona6plus_uvit_clip_f8,None,22.28946415707469,22.29354999959469,4090,backbone,,1722470400,0.011752918362615411
32,williamberman/laiona6plus_uvit_clip_f8,default,18.058877531439066,18.098136472205322,4090,backbone,,1739247616,0.004258286207911577
32,williamberman/laiona6plus_uvit_clip_f8,reduce-overhead,18.31938256509602,18.376681860536337,4090,backbone,,2361219072,0.005684746429326926
1,williamberman/laiona6plus_uvit_clip_f8,None,1.9104091124609113,1.9100712581227224,4090,vae,,211839488,0.0008730427362025738
1,williamberman/laiona6plus_uvit_clip_f8,default,1.9388170912861824,1.9385537039488556,4090,vae,,211839488,0.001060862559825208
1,williamberman/laiona6plus_uvit_clip_f8,reduce-overhead,1.8901201849803329,1.8905184712881844,4090,vae,,211839488,0.002596769481897363
2,williamberman/laiona6plus_uvit_clip_f8,None,2.007051231339574,2.0072895418852563,4090,vae,,211223040,0.0015162024646999707
2,williamberman/laiona6plus_uvit_clip_f8,default,1.918883961625397,1.9191581321259341,4090,vae,,211223040,0.0010420614853503748
2,williamberman/laiona6plus_uvit_clip_f8,reduce-overhead,1.8960607750341296,1.895900404391189,4090,vae,,211223040,0.003730778116732905
4,williamberman/laiona6plus_uvit_clip_f8,None,1.8422786239534614,1.8433294367666044,4090,vae,,215286272,0.0037070340476929795
4,williamberman/laiona6plus_uvit_clip_f8,default,1.8645167769864202,1.8649235942090552,4090,vae,,215286272,0.0016466062515974305
4,williamberman/laiona6plus_uvit_clip_f8,reduce-overhead,1.9010553508996966,1.9000240617121258,4090,vae,,215286272,0.004279457498341773
8,williamberman/laiona6plus_uvit_clip_f8,None,2.4813045002520084,2.481313321739435,4090,vae,,219881984,2.4707987904791506e-05
8,williamberman/laiona6plus_uvit_clip_f8,default,2.477440480142832,2.47742347791791,4090,vae,,219881984,6.630085408725755e-05
8,williamberman/laiona6plus_uvit_clip_f8,reduce-overhead,2.476484067738056,2.4764380082488064,4090,vae,,219881984,0.00014879740774633235
16,williamberman/laiona6plus_uvit_clip_f8,None,4.649764718487859,4.650108380751176,4090,vae,,261087744,0.0024732667952779425
16,williamberman/laiona6plus_uvit_clip_f8,default,4.6538997907191515,4.653091203760018,4090,vae,,261087744,0.0027900096029043198
16,williamberman/laiona6plus_uvit_clip_f8,reduce-overhead,4.654582217335701,4.653609798035839,4090,vae,,261087744,0.0019131461158400018
32,williamberman/laiona6plus_uvit_clip_f8,None,9.656322747468948,9.656629076396877,4090,vae,,445702656,0.0019519589841351936
32,williamberman/laiona6plus_uvit_clip_f8,default,9.658092819154263,9.657765374603597,4090,vae,,445702656,0.0020575709640986706
32,williamberman/laiona6plus_uvit_clip_f8,reduce-overhead,9.653900749981403,9.653932508081198,4090,vae,,445702656,0.0036324840039028694
1,williamberman/laiona6plus_uvit_clip_f8,None,116.17165058851242,116.18168465793133,4090,full,12,1598507008,0.07962062954902649
1,williamberman/laiona6plus_uvit_clip_f8,None,185.27352903038263,185.20339392125607,4090,full,20,1598507008,0.7786576170474291
1,williamberman/laiona6plus_uvit_clip_f8,default,116.51441175490618,116.50810670107603,4090,full,12,1598507008,0.061850063502788544
1,williamberman/laiona6plus_uvit_clip_f8,default,185.05679350346327,185.0573249782125,4090,full,20,1598507008,0.017293496057391167
1,williamberman/laiona6plus_uvit_clip_f8,reduce-overhead,117.00580548495054,117.00179748651054,4090,full,12,1598507008,0.07107015699148178
1,williamberman/laiona6plus_uvit_clip_f8,reduce-overhead,192.96424835920334,199.12937500824532,4090,full,20,1598507008,21.598758175969124
2,williamberman/laiona6plus_uvit_clip_f8,None,237.3225511983037,236.63991335779428,4090,full,12,1631015424,2.171933650970459
2,williamberman/laiona6plus_uvit_clip_f8,None,925.8616394363344,925.8616394363344,4090,full,20,1631015424,1.4864583499729633
2,williamberman/laiona6plus_uvit_clip_f8,default,576.2398522347212,576.2398522347212,4090,full,12,1631015424,1.684119924902916
2,williamberman/laiona6plus_uvit_clip_f8,default,329.46263533085585,329.55538877286017,4090,full,20,1631015424,0.13475329615175724
2,williamberman/laiona6plus_uvit_clip_f8,reduce-overhead,206.1179354786873,206.1065873131156,4090,full,12,1631015424,0.057359226047992706
2,williamberman/laiona6plus_uvit_clip_f8,reduce-overhead,329.7579074278474,329.7556252218783,4090,full,20,1631015424,0.008103437721729279
4,williamberman/laiona6plus_uvit_clip_f8,None,316.807241179049,317.2621892299503,4090,full,12,1841766912,0.6548685487359762
4,williamberman/laiona6plus_uvit_clip_f8,None,498.83899465203285,498.87641177823144,4090,full,20,1841766912,0.0634058378636837
4,williamberman/laiona6plus_uvit_clip_f8,default,315.6726788729429,315.6864237971604,4090,full,12,1841766912,0.07088528946042061
4,williamberman/laiona6plus_uvit_clip_f8,default,499.214437790215,499.1768005614479,4090,full,20,1841766912,0.15975534915924072
4,williamberman/laiona6plus_uvit_clip_f8,reduce-overhead,316.32472295314074,317.69489659927785,4090,full,12,1841766912,1.8012055661529303
4,williamberman/laiona6plus_uvit_clip_f8,reduce-overhead,498.10735136270523,498.14567777017754,4090,full,20,1841766912,0.11674128472805023
8,williamberman/laiona6plus_uvit_clip_f8,None,641.8036031536758,641.8036031536758,4090,full,12,2275786752,0.03476953133940697
8,williamberman/laiona6plus_uvit_clip_f8,None,1017.8933078423142,1017.8933078423142,4090,full,20,2275786752,0.0
8,williamberman/laiona6plus_uvit_clip_f8,default,642.5411934033036,642.5411934033036,4090,full,12,2275786752,0.2057356759905815
8,williamberman/laiona6plus_uvit_clip_f8,default,1019.2367061972618,1019.2367061972618,4090,full,20,2275786752,0.0
8,williamberman/laiona6plus_uvit_clip_f8,reduce-overhead,644.4752993993461,644.4752993993461,4090,full,12,2275786752,0.6092139519751072
8,williamberman/laiona6plus_uvit_clip_f8,reduce-overhead,1017.162942327559,1017.162942327559,4090,full,20,2275786752,0.0
16,williamberman/laiona6plus_uvit_clip_f8,None,1429.9580557271838,1429.9580557271838,4090,full,12,3165478912,0.0
16,williamberman/laiona6plus_uvit_clip_f8,None,2276.234553195536,2276.234553195536,4090,full,20,3165478912,0.0
16,williamberman/laiona6plus_uvit_clip_f8,default,1427.2434785962105,1427.2434785962105,4090,full,12,3165478912,0.0
16,williamberman/laiona6plus_uvit_clip_f8,default,2283.2935666665435,2283.2935666665435,4090,full,20,3165478912,0.0
16,williamberman/laiona6plus_uvit_clip_f8,reduce-overhead,1547.2529930993915,1547.2529930993915,4090,full,12,3165478912,0.0
16,williamberman/laiona6plus_uvit_clip_f8,reduce-overhead,2276.3375639915466,2276.3375639915466,4090,full,20,3165478912,0.0
32,williamberman/laiona6plus_uvit_clip_f8,None,2968.8757862895727,2968.8757862895727,4090,full,12,4943020032,0.0
32,williamberman/laiona6plus_uvit_clip_f8,None,4753.747639246285,4753.747639246285,4090,full,20,4943020032,0.0
32,williamberman/laiona6plus_uvit_clip_f8,default,2973.47323410213,2973.47323410213,4090,full,12,4943020032,0.0
32,williamberman/laiona6plus_uvit_clip_f8,default,4746.098351664841,4746.098351664841,4090,full,20,4943020032,0.0
32,williamberman/laiona6plus_uvit_clip_f8,reduce-overhead,2968.4774009510875,2968.4774009510875,4090,full,12,4943020032,0.0
32,williamberman/laiona6plus_uvit_clip_f8,reduce-overhead,4751.655735075474,4751.655735075474,4090,full,20,4943020032,0.0
1,openMUSE/muse-laiona6-uvit-clip-220k,None,19.677401750000456,19.716491483333222,t4,backbone,,1526056448,0.14417805000164
1,openMUSE/muse-laiona6-uvit-clip-220k,default,15.645073899997898,15.887834314287375,t4,backbone,,1523959296,0.7546768499992127
1,openMUSE/muse-laiona6-uvit-clip-220k,reduce-overhead,15.766497699996762,16.024002957143626,t4,backbone,,1773794816,0.3660201999991855
2,openMUSE/muse-laiona6-uvit-clip-220k,None,30.432505550001565,30.801900525001713,t4,backbone,,1536138240,0.5344370749966743
2,openMUSE/muse-laiona6-uvit-clip-220k,default,26.005640300002142,26.050032725001415,t4,backbone,,1531943936,0.6725973249984905
2,openMUSE/muse-laiona6-uvit-clip-220k,reduce-overhead,26.171896250002646,26.405672025002506,t4,backbone,,1810073600,0.43636237499953406
4,openMUSE/muse-laiona6-uvit-clip-220k,None,61.528686299999436,61.528686299999436,t4,backbone,,1556301824,0.6880916999989495
4,openMUSE/muse-laiona6-uvit-clip-220k,default,50.47750050002264,52.271644900005754,t4,backbone,,1547913216,3.4298015000189253
4,openMUSE/muse-laiona6-uvit-clip-220k,reduce-overhead,51.984491350000894,51.984491350000894,t4,backbone,,1882631168,0.7387436500010878
8,openMUSE/muse-laiona6-uvit-clip-220k,None,117.31406100000186,120.02829633331658,t4,backbone,,1596628992,2.8996409999990647
8,openMUSE/muse-laiona6-uvit-clip-220k,default,102.00342660000388,102.00342660000388,t4,backbone,,1579851776,0.0
8,openMUSE/muse-laiona6-uvit-clip-220k,reduce-overhead,99.77010300002576,102.98726879998412,t4,backbone,,2027746304,8.966891000000032
16,openMUSE/muse-laiona6-uvit-clip-220k,None,228.50117300004058,235.12145860006513,t4,backbone,,1677488128,14.946364000024914
16,openMUSE/muse-laiona6-uvit-clip-220k,default,194.84506499998133,200.89258800001062,t4,backbone,,1643933696,6.080236999991939
16,openMUSE/muse-laiona6-uvit-clip-220k,reduce-overhead,196.47992199998043,202.2039365999717,t4,backbone,,2322686976,5.667180000045846
32,openMUSE/muse-laiona6-uvit-clip-220k,None,468.4131230000048,467.1659756666789,t4,backbone,,1838477312,14.60892799997282
32,openMUSE/muse-laiona6-uvit-clip-220k,default,376.3624300000856,385.2385676666851,t4,backbone,,1771368448,20.62509949996638
32,openMUSE/muse-laiona6-uvit-clip-220k,reduce-overhead,382.97217299998465,389.70724766666837,t4,backbone,,2907333632,17.894652000052247
1,openMUSE/muse-laiona6-uvit-clip-220k,None,39.327078799999526,39.52734853333292,t4,vae,,456276992,0.6372635000047935
1,openMUSE/muse-laiona6-uvit-clip-220k,default,39.52864479999789,39.73568003333412,t4,vae,,456276992,0.6003886499968275
1,openMUSE/muse-laiona6-uvit-clip-220k,reduce-overhead,39.54729860000725,39.890377766668436,t4,vae,,456276992,0.6085301499979268
2,openMUSE/muse-laiona6-uvit-clip-220k,None,75.18812140000364,75.18812140000364,t4,vae,,607339520,0.118504900001426
2,openMUSE/muse-laiona6-uvit-clip-220k,default,74.30095550000715,75.10866214286287,t4,vae,,607339520,0.706760249954641
2,openMUSE/muse-laiona6-uvit-clip-220k,reduce-overhead,74.22975349999206,75.69557064285196,t4,vae,,607339520,1.5566317500201876
4,openMUSE/muse-laiona6-uvit-clip-220k,None,141.27951600005417,143.24069442857632,t4,vae,,910120448,3.3717965000050754
4,openMUSE/muse-laiona6-uvit-clip-220k,default,142.43688299995938,143.4825634285549,t4,vae,,910120448,0.29565450006430183
4,openMUSE/muse-laiona6-uvit-clip-220k,reduce-overhead,141.70582199994897,143.67955085713544,t4,vae,,910120448,2.8004940000414535
8,openMUSE/muse-laiona6-uvit-clip-220k,None,278.9863215000423,278.78137850001394,t4,vae,,1514370560,8.49760099993091
8,openMUSE/muse-laiona6-uvit-clip-220k,default,274.1160255000068,277.13581324999836,t4,vae,,1514370560,6.838249249966566
8,openMUSE/muse-laiona6-uvit-clip-220k,reduce-overhead,275.95322449997184,276.90852149999046,t4,vae,,1514370560,6.3211185000682235
16,openMUSE/muse-laiona6-uvit-clip-220k,None,550.6241360000104,550.6241360000104,t4,vae,,2722870784,13.387341999987257
16,openMUSE/muse-laiona6-uvit-clip-220k,default,550.0439129999677,550.0439129999677,t4,vae,,2722870784,11.670710999965195
16,openMUSE/muse-laiona6-uvit-clip-220k,reduce-overhead,554.1611235000232,554.1611235000232,t4,vae,,2722870784,14.583489500012092
32,openMUSE/muse-laiona6-uvit-clip-220k,None,1094.7759870000482,1094.7759870000482,t4,vae,,5139871232,0.0
32,openMUSE/muse-laiona6-uvit-clip-220k,default,1114.7088760000088,1114.7088760000088,t4,vae,,5139871232,0.0
32,openMUSE/muse-laiona6-uvit-clip-220k,reduce-overhead,1109.3475320000152,1109.3475320000152,t4,vae,,5139871232,0.0
1,openMUSE/muse-laiona6-uvit-clip-220k,None,460.7407220000823,462.1408320000455,t4,full,12,1744619008,4.058276999955979
1,openMUSE/muse-laiona6-uvit-clip-220k,None,736.2990429999741,736.2990429999741,t4,full,20,1744619008,1.5732940000248163
1,openMUSE/muse-laiona6-uvit-clip-220k,default,461.6793329998927,463.3278856665963,t4,full,12,1744619008,3.341320000060932
1,openMUSE/muse-laiona6-uvit-clip-220k,default,740.591421500028,740.591421500028,t4,full,20,1744619008,2.3297634999721595
1,openMUSE/muse-laiona6-uvit-clip-220k,reduce-overhead,461.57734899998104,463.1431629999649,t4,full,12,1744619008,4.212539000036486
1,openMUSE/muse-laiona6-uvit-clip-220k,reduce-overhead,739.9698689999354,739.9698689999354,t4,full,20,1744619008,0.6932910000045922
2,openMUSE/muse-laiona6-uvit-clip-220k,None,912.5995210000042,912.5995210000042,t4,full,12,1895799808,1.682083000048351
2,openMUSE/muse-laiona6-uvit-clip-220k,None,1478.2398809999222,1478.2398809999222,t4,full,20,1895799808,0.0
2,openMUSE/muse-laiona6-uvit-clip-220k,default,918.7899270000344,918.7899270000344,t4,full,12,1895799808,4.180453000003581
2,openMUSE/muse-laiona6-uvit-clip-220k,default,1482.2253170000295,1482.2253170000295,t4,full,20,1895799808,0.0
2,openMUSE/muse-laiona6-uvit-clip-220k,reduce-overhead,918.7066389999927,918.7066389999927,t4,full,12,1895799808,2.817429999936394
2,openMUSE/muse-laiona6-uvit-clip-220k,reduce-overhead,1475.4767970000557,1475.4767970000557,t4,full,20,1895799808,0.0
4,openMUSE/muse-laiona6-uvit-clip-220k,None,1827.622182999903,1827.622182999903,t4,full,12,2198817280,0.0
4,openMUSE/muse-laiona6-uvit-clip-220k,None,2937.126196999998,2937.126196999998,t4,full,20,2198817280,0.0
4,openMUSE/muse-laiona6-uvit-clip-220k,default,1823.6765499998455,1823.6765499998455,t4,full,12,2198817280,0.0
4,openMUSE/muse-laiona6-uvit-clip-220k,default,2914.810403999809,2914.810403999809,t4,full,20,2198817280,0.0
4,openMUSE/muse-laiona6-uvit-clip-220k,reduce-overhead,1808.8112169998567,1808.8112169998567,t4,full,12,2198817280,0.0
4,openMUSE/muse-laiona6-uvit-clip-220k,reduce-overhead,2907.4801420001677,2907.4801420001677,t4,full,20,2198817280,0.0
8,openMUSE/muse-laiona6-uvit-clip-220k,None,3645.405322999977,3645.405322999977,t4,full,12,2803540480,0.0
8,openMUSE/muse-laiona6-uvit-clip-220k,None,5824.555939999982,5824.555939999982,t4,full,20,2803540480,0.0
8,openMUSE/muse-laiona6-uvit-clip-220k,default,3568.6765199998263,3568.6765199998263,t4,full,12,2803540480,0.0
8,openMUSE/muse-laiona6-uvit-clip-220k,default,5713.578590999987,5713.578590999987,t4,full,20,2803540480,0.0
8,openMUSE/muse-laiona6-uvit-clip-220k,reduce-overhead,3597.2618389998843,3597.2618389998843,t4,full,12,2803540480,0.0
8,openMUSE/muse-laiona6-uvit-clip-220k,reduce-overhead,5816.183999999794,5816.183999999794,t4,full,20,2803540480,0.0
16,openMUSE/muse-laiona6-uvit-clip-220k,None,7155.868240000018,7155.868240000018,t4,full,12,4012986880,0.0
16,openMUSE/muse-laiona6-uvit-clip-220k,None,11390.757785999995,11390.757785999995,t4,full,20,4012986880,0.0
16,openMUSE/muse-laiona6-uvit-clip-220k,default,7077.509068000154,7077.509068000154,t4,full,12,4012986880,0.0
16,openMUSE/muse-laiona6-uvit-clip-220k,default,11505.811510000058,11505.811510000058,t4,full,20,4012986880,0.0
16,openMUSE/muse-laiona6-uvit-clip-220k,reduce-overhead,7061.742527999968,7061.742527999968,t4,full,12,4012986880,0.0
16,openMUSE/muse-laiona6-uvit-clip-220k,reduce-overhead,11419.513849000168,11419.513849000168,t4,full,20,4012986880,0.0
32,openMUSE/muse-laiona6-uvit-clip-220k,None,13824.554256000056,13824.554256000056,t4,full,12,6432158208,0.0
32,openMUSE/muse-laiona6-uvit-clip-220k,None,21764.474795000067,21764.474795000067,t4,full,20,6432158208,0.0
32,openMUSE/muse-laiona6-uvit-clip-220k,default,13762.232952999966,13762.232952999966,t4,full,12,6432158208,0.0
32,openMUSE/muse-laiona6-uvit-clip-220k,default,21651.828741999907,21651.828741999907,t4,full,20,6432158208,0.0
32,openMUSE/muse-laiona6-uvit-clip-220k,reduce-overhead,13792.929367999932,13792.929367999932,t4,full,12,6432158208,0.0
32,openMUSE/muse-laiona6-uvit-clip-220k,reduce-overhead,21658.88371599999,21658.88371599999,t4,full,20,6432158208,0.0
1,runwayml/stable-diffusion-v1-5,None,86.54791100002512,87.04183275002227,t4,backbone,,2314605568,1.249028749896297
1,runwayml/stable-diffusion-v1-5,default,83.49913765000565,83.49913765000565,t4,backbone,,2373054976,0.03423334999297367
1,runwayml/stable-diffusion-v1-5,reduce-overhead,83.24843850004982,84.3067284999961,t4,backbone,,2243680768,0.8708947500508657
2,runwayml/stable-diffusion-v1-5,None,145.32362899990403,145.3256257142519,t4,backbone,,2371448320,0.8923499999582418
2,runwayml/stable-diffusion-v1-5,default,135.76609949996055,136.85367162500484,t4,backbone,,2448100864,3.466536000019005
2,runwayml/stable-diffusion-v1-5,reduce-overhead,136.50072299992644,137.70057924995172,t4,backbone,,2244015616,2.2432007497741324
4,runwayml/stable-diffusion-v1-5,None,265.59153900018373,268.45884725008773,t4,backbone,,2508071424,4.5937047499933215
4,runwayml/stable-diffusion-v1-5,default,247.67480599984992,248.4383441999853,t4,backbone,,2602292224,2.131698000084725
4,runwayml/stable-diffusion-v1-5,reduce-overhead,251.40380800007733,250.2494297499993,t4,backbone,,2244685312,5.395581249956649
8,runwayml/stable-diffusion-v1-5,None,503.439627500029,503.439627500029,t4,backbone,,2781318144,14.113745500026198
8,runwayml/stable-diffusion-v1-5,default,463.9625069999056,460.47630133322554,t4,backbone,,2967905280,5.645856499995716
16,runwayml/stable-diffusion-v1-5,None,996.7093100001421,996.7093100001421,t4,backbone,,3327885312,0.23799599989615672
16,runwayml/stable-diffusion-v1-5,default,916.1625245001233,916.1625245001233,t4,backbone,,3619367424,7.115837499895861
32,runwayml/stable-diffusion-v1-5,None,2046.2383419999242,2046.2383419999242,t4,backbone,,4420798464,0.0
32,runwayml/stable-diffusion-v1-5,default,1864.4824549996883,1864.4824549996883,t4,backbone,,4960821760,0.0
1,runwayml/stable-diffusion-v1-5,None,185.66080250002415,187.56051100005303,t4,vae,,821041664,5.8679199999005505
1,runwayml/stable-diffusion-v1-5,default,186.202616500168,188.1415498333657,t4,vae,,821041664,5.215162500348924
1,runwayml/stable-diffusion-v1-5,reduce-overhead,187.4642015000063,190.228391000043,t4,vae,,821041664,2.281817500147554
2,runwayml/stable-diffusion-v1-5,None,558.5004864999519,558.5004864999519,t4,vae,,1255808000,7.041705499659656
2,runwayml/stable-diffusion-v1-5,default,558.8594284999999,558.8594284999999,t4,vae,,1255808000,7.740294499853917
2,runwayml/stable-diffusion-v1-5,reduce-overhead,557.2978109998985,557.2978109998985,t4,vae,,1255808000,7.755388000077801
4,runwayml/stable-diffusion-v1-5,None,1120.138580999992,1120.138580999992,t4,vae,,2331843584,0.0
4,runwayml/stable-diffusion-v1-5,default,1118.9571090003483,1118.9571090003483,t4,vae,,2331843584,0.0
4,runwayml/stable-diffusion-v1-5,reduce-overhead,1110.4627540003094,1110.4627540003094,t4,vae,,2331843584,0.0
8,runwayml/stable-diffusion-v1-5,None,2276.793543000167,2276.793543000167,t4,vae,,4479589376,0.0
8,runwayml/stable-diffusion-v1-5,default,2305.894685000112,2305.894685000112,t4,vae,,4479589376,0.0
8,runwayml/stable-diffusion-v1-5,reduce-overhead,2267.4663889997646,2267.4663889997646,t4,vae,,4479589376,0.0
16,runwayml/stable-diffusion-v1-5,None,4619.443932999729,4619.443932999729,t4,vae,,8775080960,0.0
16,runwayml/stable-diffusion-v1-5,default,4618.677445999765,4618.677445999765,t4,vae,,8775080960,0.0
16,runwayml/stable-diffusion-v1-5,reduce-overhead,4597.288755000136,4597.288755000136,t4,vae,,8775080960,0.0
1,runwayml/stable-diffusion-v1-5,None,2135.8325870000954,2135.8325870000954,t4,full,12,2809300992,0.0
1,runwayml/stable-diffusion-v1-5,None,3352.7851989997544,3352.7851989997544,t4,full,20,2809300992,0.0
1,runwayml/stable-diffusion-v1-5,default,2043.4271489998537,2043.4271489998537,t4,full,12,2809300992,0.0
1,runwayml/stable-diffusion-v1-5,default,3182.0496330001333,3182.0496330001333,t4,full,20,2809300992,0.0
1,runwayml/stable-diffusion-v1-5,reduce-overhead,2049.0155689999483,2049.0155689999483,t4,full,12,2818124288,0.0
1,runwayml/stable-diffusion-v1-5,reduce-overhead,3186.2910489999194,3186.2910489999194,t4,full,20,2818124288,0.0
2,runwayml/stable-diffusion-v1-5,None,4218.544952999764,4218.544952999764,t4,full,12,3244598784,0.0
2,runwayml/stable-diffusion-v1-5,None,6409.748008999941,6409.748008999941,t4,full,20,3244598784,0.0
2,runwayml/stable-diffusion-v1-5,default,3837.0970820001276,3837.0970820001276,t4,full,12,3244598784,0.0
2,runwayml/stable-diffusion-v1-5,default,5975.980283000354,5975.980283000354,t4,full,20,3244598784,0.0
2,runwayml/stable-diffusion-v1-5,reduce-overhead,3914.4799739997325,3914.4799739997325,t4,full,12,3253724160,0.0
2,runwayml/stable-diffusion-v1-5,reduce-overhead,6053.518666999935,6053.518666999935,t4,full,20,3253724160,0.0
4,runwayml/stable-diffusion-v1-5,None,7942.984090000209,7942.984090000209,t4,full,12,4321697280,0.0
4,runwayml/stable-diffusion-v1-5,None,12095.160808999935,12095.160808999935,t4,full,20,4321697280,0.0
4,runwayml/stable-diffusion-v1-5,default,7284.5025820001865,7284.5025820001865,t4,full,12,4321697280,0.0
4,runwayml/stable-diffusion-v1-5,default,11484.405444000004,11484.405444000004,t4,full,20,4321697280,0.0
8,runwayml/stable-diffusion-v1-5,None,15456.856630999937,15456.856630999937,t4,full,12,6471642624,0.0
8,runwayml/stable-diffusion-v1-5,None,23796.27981700014,23796.27981700014,t4,full,20,6471642624,0.0
8,runwayml/stable-diffusion-v1-5,default,14624.66551300031,14624.66551300031,t4,full,12,6471642624,0.0
8,runwayml/stable-diffusion-v1-5,default,22223.31070500013,22223.31070500013,t4,full,20,6471642624,0.0
16,runwayml/stable-diffusion-v1-5,None,31008.965981000074,31008.965981000074,t4,full,12,10771312128,0.0
16,runwayml/stable-diffusion-v1-5,None,46442.549551999946,46442.549551999946,t4,full,20,10771312128,0.0
16,runwayml/stable-diffusion-v1-5,default,28819.39096499991,28819.39096499991,t4,full,12,10771312128,0.0
16,runwayml/stable-diffusion-v1-5,default,43071.69768200038,43071.69768200038,t4,full,20,10771312128,0.0
1,williamberman/laiona6plus_uvit_clip_f8,None,24.460263499986468,24.554409419988588,t4,backbone,,1550299136,0.37745110003015864
1,williamberman/laiona6plus_uvit_clip_f8,default,18.342290200007483,18.338120116671536,t4,backbone,,1550692352,0.6018967749810145
1,williamberman/laiona6plus_uvit_clip_f8,reduce-overhead,10.636320850017,10.941402270000252,t4,backbone,,1817176576,0.3202804750117132
2,williamberman/laiona6plus_uvit_clip_f8,None,24.872933799997554,24.666535120004486,t4,backbone,,1555266560,0.7444954999755276
2,williamberman/laiona6plus_uvit_clip_f8,default,17.585684599976048,17.53485468332201,t4,backbone,,1556315136,0.12188634999574927
2,williamberman/laiona6plus_uvit_clip_f8,reduce-overhead,13.415617199984808,13.528236087501,t4,backbone,,1834580992,0.12447497501852887
4,williamberman/laiona6plus_uvit_clip_f8,None,25.070140200000424,25.071479924997675,t4,backbone,,1566386176,0.19450967503189392
4,williamberman/laiona6plus_uvit_clip_f8,default,19.728642949985442,19.902035633329735,t4,backbone,,1568483328,0.16451462500981923
4,williamberman/laiona6plus_uvit_clip_f8,reduce-overhead,20.055981099994824,20.291966479990155,t4,backbone,,1869389824,0.38296150000860507
8,williamberman/laiona6plus_uvit_clip_f8,None,40.96358890001284,41.18329689999883,t4,backbone,,1589673984,0.6766287000118596
8,williamberman/laiona6plus_uvit_clip_f8,default,33.16124019997915,33.452916266666456,t4,backbone,,1593344000,0.7218034999823473
8,williamberman/laiona6plus_uvit_clip_f8,reduce-overhead,33.561565299987706,33.8012550999944,t4,backbone,,1939007488,0.8996794000268038
16,williamberman/laiona6plus_uvit_clip_f8,None,83.15186399977392,84.27448933324892,t4,backbone,,1637502976,1.0539617499034648
16,williamberman/laiona6plus_uvit_clip_f8,default,67.00183600059972,69.11514353366026,t4,backbone,,1646940160,5.182556500130886
16,williamberman/laiona6plus_uvit_clip_f8,reduce-overhead,66.9703710000249,69.65966319997581,t4,backbone,,2082953216,3.8717904999430175
32,williamberman/laiona6plus_uvit_clip_f8,None,163.0162719998225,166.73141766659683,t4,backbone,,1726664704,7.962384250276955
32,williamberman/laiona6plus_uvit_clip_f8,default,132.61796999995568,135.18614275005802,t4,backbone,,1743441920,3.236080749957182
32,williamberman/laiona6plus_uvit_clip_f8,reduce-overhead,133.15123750044222,137.52926687516265,t4,backbone,,2361219072,11.477039000055811
1,williamberman/laiona6plus_uvit_clip_f8,None,6.180488214995421,6.180488214995421,t4,vae,,88011264,0.13094342500153366
1,williamberman/laiona6plus_uvit_clip_f8,default,6.130558615004702,6.130558615004702,t4,vae,,88011264,0.06696471499708333
1,williamberman/laiona6plus_uvit_clip_f8,reduce-overhead,6.135199810000813,6.135199810000813,t4,vae,,88011264,0.10035343999788802
2,williamberman/laiona6plus_uvit_clip_f8,None,6.0359622999385465,6.188600452926895,t4,vae,,99682816,0.16177049992620665
2,williamberman/laiona6plus_uvit_clip_f8,default,6.046079700035989,6.370754231255659,t4,vae,,99682816,0.2654094750596421
2,williamberman/laiona6plus_uvit_clip_f8,reduce-overhead,6.132116800017684,6.2136685176590305,t4,vae,,99682816,0.1542699000310682
4,williamberman/laiona6plus_uvit_clip_f8,None,8.52092844993422,8.902330825011024,t4,vae,,122892800,0.22628177500791902
4,williamberman/laiona6plus_uvit_clip_f8,default,8.529660199974387,8.919567241658417,t4,vae,,122892800,0.2022019499918308
4,williamberman/laiona6plus_uvit_clip_f8,reduce-overhead,8.533992249977018,8.932320066674038,t4,vae,,122892800,0.17865662503026986
8,williamberman/laiona6plus_uvit_clip_f8,None,16.76831745003256,17.07734521664861,t4,vae,,169320960,0.37954375002300506
8,williamberman/laiona6plus_uvit_clip_f8,default,16.85668800000713,17.041368800012908,t4,vae,,169320960,0.44515709998904296
8,williamberman/laiona6plus_uvit_clip_f8,reduce-overhead,16.80003100000249,17.079674583343756,t4,vae,,169320960,0.6202956250490401
16,williamberman/laiona6plus_uvit_clip_f8,None,35.5222808999315,36.063251166645685,t4,vae,,261087744,1.3905425000302827
16,williamberman/laiona6plus_uvit_clip_f8,default,36.138325199954124,35.886702600024975,t4,vae,,261087744,0.9030749999965337
16,williamberman/laiona6plus_uvit_clip_f8,reduce-overhead,36.34275579997848,36.02176293331164,t4,vae,,261087744,0.6338785000480074
32,williamberman/laiona6plus_uvit_clip_f8,None,68.77351799994358,70.96574086663168,t4,vae,,445702656,2.3429405000570114
32,williamberman/laiona6plus_uvit_clip_f8,default,72.1890669000004,72.1890669000004,t4,vae,,445702656,0.21906540000600494
32,williamberman/laiona6plus_uvit_clip_f8,reduce-overhead,68.76222299979418,71.10095260013622,t4,vae,,445702656,2.4315369996656955
1,williamberman/laiona6plus_uvit_clip_f8,None,554.7116805000769,554.7116805000769,t4,full,12,1498368000,0.9844394999163342
1,williamberman/laiona6plus_uvit_clip_f8,None,905.0632784997106,905.0632784997106,t4,full,20,1498368000,0.25383450019944576
1,williamberman/laiona6plus_uvit_clip_f8,default,555.7195135002075,555.7195135002075,t4,full,12,1498368000,0.3233664997424057
1,williamberman/laiona6plus_uvit_clip_f8,default,905.1600249999865,905.1600249999865,t4,full,20,1498368000,0.09125299993684166
1,williamberman/laiona6plus_uvit_clip_f8,reduce-overhead,553.9948949999598,553.9948949999598,t4,full,12,1498368000,4.895871000371699
1,williamberman/laiona6plus_uvit_clip_f8,reduce-overhead,903.7989799999195,903.7989799999195,t4,full,20,1498368000,0.23624400000699097
2,williamberman/laiona6plus_uvit_clip_f8,None,1108.9421529995889,1108.9421529995889,t4,full,12,1613172736,0.0
2,williamberman/laiona6plus_uvit_clip_f8,None,1792.9660340005285,1792.9660340005285,t4,full,20,1613172736,0.0
2,williamberman/laiona6plus_uvit_clip_f8,default,1107.5649180002074,1107.5649180002074,t4,full,12,1613172736,0.0
2,williamberman/laiona6plus_uvit_clip_f8,default,1808.1525799998417,1808.1525799998417,t4,full,20,1613172736,0.0
2,williamberman/laiona6plus_uvit_clip_f8,reduce-overhead,1112.387846999809,1112.387846999809,t4,full,12,1613172736,0.0
2,williamberman/laiona6plus_uvit_clip_f8,reduce-overhead,1791.1153810000542,1791.1153810000542,t4,full,20,1613172736,0.0
4,williamberman/laiona6plus_uvit_clip_f8,None,2191.92866999947,2191.92866999947,t4,full,12,1835442176,0.0
4,williamberman/laiona6plus_uvit_clip_f8,None,3573.0080439998346,3573.0080439998346,t4,full,20,1835442176,0.0
4,williamberman/laiona6plus_uvit_clip_f8,default,2188.430187999984,2188.430187999984,t4,full,12,1835442176,0.0
4,williamberman/laiona6plus_uvit_clip_f8,default,3554.055690000496,3554.055690000496,t4,full,20,1835442176,0.0
4,williamberman/laiona6plus_uvit_clip_f8,reduce-overhead,2190.1117769994016,2190.1117769994016,t4,full,12,1835442176,0.0
4,williamberman/laiona6plus_uvit_clip_f8,reduce-overhead,3560.1184790002662,3560.1184790002662,t4,full,20,1835442176,0.0
8,williamberman/laiona6plus_uvit_clip_f8,None,4366.456899999321,4366.456899999321,t4,full,12,2280185856,0.0
8,williamberman/laiona6plus_uvit_clip_f8,None,7151.282615999662,7151.282615999662,t4,full,20,2280185856,0.0
8,williamberman/laiona6plus_uvit_clip_f8,default,4284.464287999981,4284.464287999981,t4,full,12,2280185856,0.0
8,williamberman/laiona6plus_uvit_clip_f8,default,7063.086494000345,7063.086494000345,t4,full,20,2280185856,0.0
8,williamberman/laiona6plus_uvit_clip_f8,reduce-overhead,4304.318598999998,4304.318598999998,t4,full,12,2280185856,0.0
8,williamberman/laiona6plus_uvit_clip_f8,reduce-overhead,7108.417866000309,7108.417866000309,t4,full,20,2280185856,0.0
16,williamberman/laiona6plus_uvit_clip_f8,None,8606.462776000626,8606.462776000626,t4,full,12,3165478912,0.0
16,williamberman/laiona6plus_uvit_clip_f8,None,14065.87294000019,14065.87294000019,t4,full,20,3165478912,0.0
16,williamberman/laiona6plus_uvit_clip_f8,default,8502.15580999975,8502.15580999975,t4,full,12,3165478912,0.0
16,williamberman/laiona6plus_uvit_clip_f8,default,14241.969689000143,14241.969689000143,t4,full,20,3165478912,0.0
16,williamberman/laiona6plus_uvit_clip_f8,reduce-overhead,8469.836107999981,8469.836107999981,t4,full,12,3165478912,0.0
16,williamberman/laiona6plus_uvit_clip_f8,reduce-overhead,14175.759777000167,14175.759777000167,t4,full,20,3165478912,0.0
32,williamberman/laiona6plus_uvit_clip_f8,None,16727.1710039995,16727.1710039995,t4,full,12,4943020032,0.0
32,williamberman/laiona6plus_uvit_clip_f8,None,27130.40981500035,27130.40981500035,t4,full,20,4943020032,0.0
32,williamberman/laiona6plus_uvit_clip_f8,default,16790.177684999435,16790.177684999435,t4,full,12,4943020032,0.0
32,williamberman/laiona6plus_uvit_clip_f8,default,26897.29562299999,26897.29562299999,t4,full,20,4943020032,0.0
32,williamberman/laiona6plus_uvit_clip_f8,reduce-overhead,16838.15980899999,16838.15980899999,t4,full,12,4943020032,0.0
32,williamberman/laiona6plus_uvit_clip_f8,reduce-overhead,26854.311867000433,26854.311867000433,t4,full,20,4943020032,0.0
1,williamberman/laiona6plus_uvit_clip_f8,None,301.92265300001964,301.9319890000247,cpu,backbone,,,1.5138160001129108
1,williamberman/laiona6plus_uvit_clip_f8,default,174.33578849988862,174.46330983326183,cpu,backbone,,,2.399556250054502
1,williamberman/laiona6plus_uvit_clip_f8,reduce-overhead,175.61120949994802,175.4242258333155,cpu,backbone,,,0.4186675000141804
2,williamberman/laiona6plus_uvit_clip_f8,None,408.64887399993677,409.0860243332675,cpu,backbone,,,6.848207499956516
2,williamberman/laiona6plus_uvit_clip_f8,default,304.220880999992,304.5678257499844,cpu,backbone,,,1.495416250065773
2,williamberman/laiona6plus_uvit_clip_f8,reduce-overhead,311.80430000006254,311.1085802500497,cpu,backbone,,,1.6880282500437715
4,williamberman/laiona6plus_uvit_clip_f8,None,735.8805075000419,735.8805075000419,cpu,backbone,,,2.888500499921065
4,williamberman/laiona6plus_uvit_clip_f8,default,560.4922090000173,560.4922090000173,cpu,backbone,,,0.2494229999001618
4,williamberman/laiona6plus_uvit_clip_f8,reduce-overhead,563.7722599999506,563.7722599999506,cpu,backbone,,,0.33263199998145865
8,williamberman/laiona6plus_uvit_clip_f8,None,1268.3706880000045,1268.3706880000045,cpu,backbone,,,0.0
8,williamberman/laiona6plus_uvit_clip_f8,default,1044.788181000058,1044.788181000058,cpu,backbone,,,0.0
8,williamberman/laiona6plus_uvit_clip_f8,reduce-overhead,1117.2081079998861,1117.2081079998861,cpu,backbone,,,0.0
16,williamberman/laiona6plus_uvit_clip_f8,None,2348.6953010001344,2348.6953010001344,cpu,backbone,,,0.0
16,williamberman/laiona6plus_uvit_clip_f8,default,2410.0860129999546,2410.0860129999546,cpu,backbone,,,0.0
16,williamberman/laiona6plus_uvit_clip_f8,reduce-overhead,2207.1260449999954,2207.1260449999954,cpu,backbone,,,0.0
32,williamberman/laiona6plus_uvit_clip_f8,None,6138.740922999887,6138.740922999887,cpu,backbone,,,0.0
32,williamberman/laiona6plus_uvit_clip_f8,default,4405.299097999887,4405.299097999887,cpu,backbone,,,0.0
32,williamberman/laiona6plus_uvit_clip_f8,reduce-overhead,4237.252042999899,4237.252042999899,cpu,backbone,,,0.0
1,williamberman/laiona6plus_uvit_clip_f8,None,57.38307925000754,57.38307925000754,cpu,vae,,,0.1373407500068341
1,williamberman/laiona6plus_uvit_clip_f8,default,56.61616209998783,56.61616209998783,cpu,vae,,,1.020471799995447
1,williamberman/laiona6plus_uvit_clip_f8,reduce-overhead,57.967914100004236,57.967914100004236,cpu,vae,,,0.009013599992613308
2,williamberman/laiona6plus_uvit_clip_f8,None,106.94717899991701,107.9171544999781,cpu,vae,,,1.8827112498911447
2,williamberman/laiona6plus_uvit_clip_f8,default,111.64750800003276,112.39602477778338,cpu,vae,,,2.887048000275172
2,williamberman/laiona6plus_uvit_clip_f8,reduce-overhead,110.83651699982511,111.7726433333246,cpu,vae,,,3.033642999980657
4,williamberman/laiona6plus_uvit_clip_f8,None,198.797795500127,197.49311500004296,cpu,vae,,,12.135192500124958
4,williamberman/laiona6plus_uvit_clip_f8,default,186.5128575000199,185.90308650004772,cpu,vae,,,4.056009250064108
4,williamberman/laiona6plus_uvit_clip_f8,reduce-overhead,187.80646149991753,188.07833083333966,cpu,vae,,,1.4614062500299951
8,williamberman/laiona6plus_uvit_clip_f8,None,365.0509440001315,367.91986866667986,cpu,vae,,,4.452694999940832
8,williamberman/laiona6plus_uvit_clip_f8,default,374.60806500007493,372.61379533341216,cpu,vae,,,12.110072499922353
8,williamberman/laiona6plus_uvit_clip_f8,reduce-overhead,368.33909400002085,369.71661033332265,cpu,vae,,,6.347678499992071
16,williamberman/laiona6plus_uvit_clip_f8,None,738.687356000014,738.687356000014,cpu,vae,,,10.498590000111108
16,williamberman/laiona6plus_uvit_clip_f8,default,742.784332499923,742.784332499923,cpu,vae,,,20.591750499988848
16,williamberman/laiona6plus_uvit_clip_f8,reduce-overhead,706.3256830000455,706.3256830000455,cpu,vae,,,14.588853999953244
32,williamberman/laiona6plus_uvit_clip_f8,None,1404.888058999859,1404.888058999859,cpu,vae,,,0.0
32,williamberman/laiona6plus_uvit_clip_f8,default,1389.2253439998967,1389.2253439998967,cpu,vae,,,0.0
32,williamberman/laiona6plus_uvit_clip_f8,reduce-overhead,1363.2910799999536,1363.2910799999536,cpu,vae,,,0.0
1,williamberman/laiona6plus_uvit_clip_f8,None,15312.852103000068,15312.852103000068,cpu,full,12,,0.0
1,williamberman/laiona6plus_uvit_clip_f8,None,25786.854566000104,25786.854566000104,cpu,full,20,,0.0
1,williamberman/laiona6plus_uvit_clip_f8,default,15039.852790999703,15039.852790999703,cpu,full,12,,0.0
1,williamberman/laiona6plus_uvit_clip_f8,default,24848.33800100023,24848.33800100023,cpu,full,20,,0.0
1,williamberman/laiona6plus_uvit_clip_f8,reduce-overhead,15197.996008000246,15197.996008000246,cpu,full,12,,0.0
1,williamberman/laiona6plus_uvit_clip_f8,reduce-overhead,24363.02506200036,24363.02506200036,cpu,full,20,,0.0
2,williamberman/laiona6plus_uvit_clip_f8,None,26227.797738999925,26227.797738999925,cpu,full,12,,0.0
2,williamberman/laiona6plus_uvit_clip_f8,None,45088.21328600016,45088.21328600016,cpu,full,20,,0.0
2,williamberman/laiona6plus_uvit_clip_f8,default,30010.094311000103,30010.094311000103,cpu,full,12,,0.0
2,williamberman/laiona6plus_uvit_clip_f8,default,45795.501447999864,45795.501447999864,cpu,full,20,,0.0
2,williamberman/laiona6plus_uvit_clip_f8,reduce-overhead,28436.445867000202,28436.445867000202,cpu,full,12,,0.0
2,williamberman/laiona6plus_uvit_clip_f8,reduce-overhead,46125.11167899993,46125.11167899993,cpu,full,20,,0.0
4,williamberman/laiona6plus_uvit_clip_f8,None,55240.90386099988,55240.90386099988,cpu,full,12,,0.0
4,williamberman/laiona6plus_uvit_clip_f8,None,88832.30402400022,88832.30402400022,cpu,full,20,,0.0
4,williamberman/laiona6plus_uvit_clip_f8,default,53879.21905300027,53879.21905300027,cpu,full,12,,0.0
4,williamberman/laiona6plus_uvit_clip_f8,default,90213.20880599978,90213.20880599978,cpu,full,20,,0.0
4,williamberman/laiona6plus_uvit_clip_f8,reduce-overhead,54145.24775799964,54145.24775799964,cpu,full,12,,0.0
4,williamberman/laiona6plus_uvit_clip_f8,reduce-overhead,89683.2985430001,89683.2985430001,cpu,full,20,,0.0
8,williamberman/laiona6plus_uvit_clip_f8,None,103417.04957299998,103417.04957299998,cpu,full,12,,0.0
8,williamberman/laiona6plus_uvit_clip_f8,None,171978.7436810002,171978.7436810002,cpu,full,20,,0.0
8,williamberman/laiona6plus_uvit_clip_f8,default,104286.85193899946,104286.85193899946,cpu,full,12,,0.0
8,williamberman/laiona6plus_uvit_clip_f8,default,171589.82438800012,171589.82438800012,cpu,full,20,,0.0
8,williamberman/laiona6plus_uvit_clip_f8,reduce-overhead,104038.66880999977,104038.66880999977,cpu,full,12,,0.0
8,williamberman/laiona6plus_uvit_clip_f8,reduce-overhead,171854.60980100016,171854.60980100016,cpu,full,20,,0.0
16,williamberman/laiona6plus_uvit_clip_f8,None,212702.96065599995,212702.96065599995,cpu,full,12,,0.0
16,williamberman/laiona6plus_uvit_clip_f8,None,359405.67869200004,359405.67869200004,cpu,full,20,,0.0
16,williamberman/laiona6plus_uvit_clip_f8,default,215524.19085899965,215524.19085899965,cpu,full,12,,0.0
16,williamberman/laiona6plus_uvit_clip_f8,default,355215.56721699925,355215.56721699925,cpu,full,20,,0.0
16,williamberman/laiona6plus_uvit_clip_f8,reduce-overhead,215184.69922500115,215184.69922500115,cpu,full,12,,0.0
16,williamberman/laiona6plus_uvit_clip_f8,reduce-overhead,357488.46579699963,357488.46579699963,cpu,full,20,,0.0
32,williamberman/laiona6plus_uvit_clip_f8,None,421444.58525000117,421444.58525000117,cpu,full,12,,0.0
32,williamberman/laiona6plus_uvit_clip_f8,None,698364.5567529984,698364.5567529984,cpu,full,20,,0.0
32,williamberman/laiona6plus_uvit_clip_f8,default,419775.9325959996,419775.9325959996,cpu,full,12,,0.0
32,williamberman/laiona6plus_uvit_clip_f8,default,696050.4921739993,696050.4921739993,cpu,full,20,,0.0
32,williamberman/laiona6plus_uvit_clip_f8,reduce-overhead,420591.4830919992,420591.4830919992,cpu,full,12,,0.0
32,williamberman/laiona6plus_uvit_clip_f8,reduce-overhead,696927.7607999993,696927.7607999993,cpu,full,20,,0.0
1,openMUSE/muse-laiona6-uvit-clip-220k,None,622.5,,cpu,backbone,,,
1,runwayml/stable-diffusion-v1-5,None,3127.8,,cpu,backbone,,,
1,openMUSE/muse-laiona6-uvit-clip-220k,default,438.6,,cpu,backbone,,,
1,runwayml/stable-diffusion-v1-5,default,1940.9,,cpu,backbone,,,
1,openMUSE/muse-laiona6-uvit-clip-220k,reduce-overhead,442.3,,cpu,backbone,,,
1,runwayml/stable-diffusion-v1-5,reduce-overhead,1931.5,,cpu,backbone,,,
2,openMUSE/muse-laiona6-uvit-clip-220k,None,1000.8,,cpu,backbone,,,
2,runwayml/stable-diffusion-v1-5,None,5528.8,,cpu,backbone,,,
2,openMUSE/muse-laiona6-uvit-clip-220k,default,821.4,,cpu,backbone,,,
2,runwayml/stable-diffusion-v1-5,default,3526.2,,cpu,backbone,,,
2,openMUSE/muse-laiona6-uvit-clip-220k,reduce-overhead,827.1,,cpu,backbone,,,
2,runwayml/stable-diffusion-v1-5,reduce-overhead,3507.7,,cpu,backbone,,,
4,openMUSE/muse-laiona6-uvit-clip-220k,None,1800.0,,cpu,backbone,,,
4,runwayml/stable-diffusion-v1-5,None,10700.0,,cpu,backbone,,,
4,openMUSE/muse-laiona6-uvit-clip-220k,default,1700.0,,cpu,backbone,,,
4,runwayml/stable-diffusion-v1-5,default,6800.0,,cpu,backbone,,,
4,openMUSE/muse-laiona6-uvit-clip-220k,reduce-overhead,1700.0,,cpu,backbone,,,
4,runwayml/stable-diffusion-v1-5,reduce-overhead,6800.0,,cpu,backbone,,,
8,openMUSE/muse-laiona6-uvit-clip-220k,None,4000.0,,cpu,backbone,,,
8,runwayml/stable-diffusion-v1-5,None,21800.0,,cpu,backbone,,,
8,openMUSE/muse-laiona6-uvit-clip-220k,default,3500.0,,cpu,backbone,,,
8,runwayml/stable-diffusion-v1-5,default,13400.0,,cpu,backbone,,,
8,openMUSE/muse-laiona6-uvit-clip-220k,reduce-overhead,3500.0,,cpu,backbone,,,
8,runwayml/stable-diffusion-v1-5,reduce-overhead,13500.0,,cpu,backbone,,,
16,openMUSE/muse-laiona6-uvit-clip-220k,None,7800.0,,cpu,backbone,,,
16,runwayml/stable-diffusion-v1-5,None,44100.0,,cpu,backbone,,,
16,openMUSE/muse-laiona6-uvit-clip-220k,default,7000.0,,cpu,backbone,,,
16,runwayml/stable-diffusion-v1-5,default,27000.0,,cpu,backbone,,,
16,openMUSE/muse-laiona6-uvit-clip-220k,reduce-overhead,7000.0,,cpu,backbone,,,
16,runwayml/stable-diffusion-v1-5,reduce-overhead,27000.0,,cpu,backbone,,,
32,openMUSE/muse-laiona6-uvit-clip-220k,None,18300.0,,cpu,backbone,,,
32,runwayml/stable-diffusion-v1-5,None,88700.0,,cpu,backbone,,,
32,openMUSE/muse-laiona6-uvit-clip-220k,default,14700.0,,cpu,backbone,,,
32,runwayml/stable-diffusion-v1-5,default,54100.0,,cpu,backbone,,,
32,openMUSE/muse-laiona6-uvit-clip-220k,reduce-overhead,14900.0,,cpu,backbone,,,
32,runwayml/stable-diffusion-v1-5,reduce-overhead,54100.0,,cpu,backbone,,,
1,openMUSE/muse-laiona6-uvit-clip-220k,None,13000.0,,cpu,full,12,,
1,runwayml/stable-diffusion-v1-5,None,118400.0,,cpu,full,20,,
1,openMUSE/muse-laiona6-uvit-clip-220k,default,12900.0,,cpu,full,12,,
1,runwayml/stable-diffusion-v1-5,default,79000.0,,cpu,full,20,,
1,openMUSE/muse-laiona6-uvit-clip-220k,reduce-overhead,12900.0,,cpu,full,12,,
1,runwayml/stable-diffusion-v1-5,reduce-overhead,78900.0,,cpu,full,20,,
1,openMUSE/muse-laiona6-uvit-clip-220k,None,22934.169922000023,22934.169922000023,cpu,full,20,,0.0
1,openMUSE/muse-laiona6-uvit-clip-220k,default,22898.89502999995,22898.89502999995,cpu,full,20,,0.0
1,openMUSE/muse-laiona6-uvit-clip-220k,reduce-overhead,23046.40110499997,23046.40110499997,cpu,full,20,,0.0
2,openMUSE/muse-laiona6-uvit-clip-220k,None,22100.0,,cpu,full,12,,
2,openMUSE/muse-laiona6-uvit-clip-220k,default,22100.0,,cpu,full,12,,
4,openMUSE/muse-laiona6-uvit-clip-220k,None,42200.0,,cpu,full,12,,
4,openMUSE/muse-laiona6-uvit-clip-220k,default,42600.0,,cpu,full,12,,
8,openMUSE/muse-laiona6-uvit-clip-220k,None,82600.0,,cpu,full,12,,
8,openMUSE/muse-laiona6-uvit-clip-220k,default,82500.0,,cpu,full,12,,
1,openMUSE/muse-laiona6-uvit-clip-220k,None,843.1,,cpu,vae,,,
1,runwayml/stable-diffusion-v1-5,None,5492.5,,cpu,vae,,,
1,openMUSE/muse-laiona6-uvit-clip-220k,default,764.6,,cpu,vae,,,
1,runwayml/stable-diffusion-v1-5,default,5009.1,,cpu,vae,,,
1,openMUSE/muse-laiona6-uvit-clip-220k,reduce-overhead,699.9,,cpu,vae,,,
1,runwayml/stable-diffusion-v1-5,reduce-overhead,4492.6,,cpu,vae,,,
2,openMUSE/muse-laiona6-uvit-clip-220k,None,1700.0,,cpu,vae,,,
2,runwayml/stable-diffusion-v1-5,None,8700.0,,cpu,vae,,,
2,openMUSE/muse-laiona6-uvit-clip-220k,default,1700.0,,cpu,vae,,,
2,runwayml/stable-diffusion-v1-5,default,8800.0,,cpu,vae,,,
2,openMUSE/muse-laiona6-uvit-clip-220k,reduce-overhead,1400.0,,cpu,vae,,,
2,runwayml/stable-diffusion-v1-5,reduce-overhead,7700.0,,cpu,vae,,,
4,openMUSE/muse-laiona6-uvit-clip-220k,None,3400.0,,cpu,vae,,,
4,runwayml/stable-diffusion-v1-5,None,17700.0,,cpu,vae,,,
4,openMUSE/muse-laiona6-uvit-clip-220k,default,3100.0,,cpu,vae,,,
4,runwayml/stable-diffusion-v1-5,default,17300.0,,cpu,vae,,,
4,openMUSE/muse-laiona6-uvit-clip-220k,reduce-overhead,2700.0,,cpu,vae,,,
4,runwayml/stable-diffusion-v1-5,reduce-overhead,15500.0,,cpu,vae,,,
8,openMUSE/muse-laiona6-uvit-clip-220k,None,6800.0,,cpu,vae,,,
8,runwayml/stable-diffusion-v1-5,None,35500.0,,cpu,vae,,,
8,openMUSE/muse-laiona6-uvit-clip-220k,default,6800.0,,cpu,vae,,,
8,runwayml/stable-diffusion-v1-5,default,35500.0,,cpu,vae,,,
8,openMUSE/muse-laiona6-uvit-clip-220k,reduce-overhead,6200.0,,cpu,vae,,,
8,runwayml/stable-diffusion-v1-5,reduce-overhead,33900.0,,cpu,vae,,,
16,openMUSE/muse-laiona6-uvit-clip-220k,None,13500.0,,cpu,vae,,,
16,runwayml/stable-diffusion-v1-5,None,70500.0,,cpu,vae,,,
16,openMUSE/muse-laiona6-uvit-clip-220k,default,13500.0,,cpu,vae,,,
16,runwayml/stable-diffusion-v1-5,default,70100.0,,cpu,vae,,,
16,openMUSE/muse-laiona6-uvit-clip-220k,reduce-overhead,12400.0,,cpu,vae,,,
16,runwayml/stable-diffusion-v1-5,reduce-overhead,69400.0,,cpu,vae,,,

